application,dataset_seed,infrastructure,task,security_threshold,eligible_candidates,latency_feasible,security_feasible,witness_found,witness_cost,ac_pool_domain_size,local_budget_quantile,local_budget,min_eligible_cost,global_budget_factor,global_budget_slack,cheapest_eligible_binding_cost,global_budget,norm_cost_min,norm_cost_max,norm_latency_min,norm_latency_max,norm_security_min,norm_security_max
arOrch,146588263,infrastructure_50,fLogin,1.0,33,True,True,True,24.5574795,30,0.75,32.03485725,24.5574795,,,,,,,,,,
arOrch,146588263,infrastructure_50,fCrop,0.66,5,True,True,True,35.57114344,5,0.75,76.22292978,35.57114344,,,,,,,,,,
arOrch,146588263,infrastructure_50,fGeo,0.66,86,True,True,True,9.62567923,30,0.75,24.65581241,9.62567923,,,,,,,,,,
arOrch,146588263,infrastructure_50,fDCC,1.0,9,True,True,True,20.98417438,30,0.75,27.9612704,20.98417438,,,,,,,,,,
arOrch,146588263,infrastructure_50,fCheckDCC,1.0,36,True,True,True,38.37106172,11,0.75,50.05446445,38.37106172,,,,,,,,,,
arOrch,146588263,infrastructure_50,fRules,1.0,56,True,True,True,29.37100829,16,0.75,56.3112725,29.37100829,,,,,,,,,,
arOrch,146588263,infrastructure_50,fAR,1.0,5,True,True,True,58.22121925,5,0.75,76.22292978,58.22121925,,,,,,,,,,
arOrch,146588263,infrastructure_50,__global__,,,,,True,,,,,,1.5,0.25,182.83073081,209.69321513,26.24010544,406.46271036,0.0,599.28,0.33,1.0
arOrch,146588263,infrastructure_55,fLogin,1.0,24,True,True,True,25.65487219,38,0.75,35.60949129,25.65487219,,,,,,,,,,
arOrch,146588263,infrastructure_55,fCrop,0.66,7,True,True,True,29.50677809,7,0.75,60.77829017,29.50677809,,,,,,,,,,
arOrch,146588263,infrastructure_55,fGeo,0.66,118,True,True,True,8.80109929,38,0.75,25.65487219,8.80109929,,,,,,,,,,
arOrch,146588263,infrastructure_55,fDCC,1.0,8,True,True,True,24.1741669,38,0.75,32.52291923,24.1741669,,,,,,,,,,
arOrch,146588263,infrastructure_55,fCheckDCC,1.0,24,True,True,True,42.4274159,9,0.75,55.63983014,42.4274159,,,,,,,,,,
arOrch,146588263,infrastructure_55,fRules,1.0,60,True,True,True,20.8726153,16,0.75,60.53170286,20.8726153,,,,,,,,,,
arOrch,146588263,infrastructure_55,fAR,1.0,7,True,True,True,35.57114344,7,0.75,60.77829017,35.57114344,,,,,,,,,,
arOrch,146588263,infrastructure_55,__global__,,,,,True,,,,,,1.5,0.25,155.35807551,184.87596402,25.94182308,386.29427646,0.0,599.135,0.33,1.0
arOrch,146588263,infrastructure_60,fLogin,1.0,32,True,True,True,18.92881454,42,0.75,35.45667795,18.92881454,,,,,,,,,,
arOrch,146588263,infrastructure_60,fCrop,0.66,6,True,True,True,29.50677809,6,0.75,58.05264162,29.50677809,,,,,,,,,,
arOrch,146588263,infrastructure_60,fGeo,0.66,105,True,True,True,8.55714615,42,0.75,22.36901632,8.55714615,,,,,,,,,,
arOrch,146588263,infrastructure_60,fDCC,1.0,12,True,True,True,16.17452414,42,0.75,31.57566988,16.17452414,,,,,,,,,,
arOrch,146588263,infrastructure_60,fCheckDCC,1.0,60,True,True,True,29.57627271,12,0.75,53.34243732,29.57627271,,,,,,,,,,
arOrch,146588263,infrastructure_60,fRules,1.0,72,True,True,True,20.66870065,18,0.75,57.52032769,20.66870065,,,,,,,,,,
arOrch,146588263,infrastructure_60,fAR,1.0,6,True,True,True,43.99679571,6,0.75,58.05264162,43.99679571,,,,,,,,,,
arOrch,146588263,infrastructure_60,__global__,,,,,True,,,,,,1.5,0.25,142.28654531,171.94941646,28.46024833,353.2551438,0.0,595.076,0.33,1.0
arOrch,146588263,infrastructure_65,fLogin,1.0,17,True,True,True,18.1785545,45,0.75,34.7599157,18.1785545,,,,,,,,,,
arOrch,146588263,infrastructure_65,fCrop,0.66,9,True,True,True,32.07114344,9,0.75,76.22292978,32.07114344,,,,,,,,,,
arOrch,146588263,infrastructure_65,fGeo,0.66,227,True,True,True,8.59945017,45,0.75,23.76166112,8.59945017,,,,,,,,,,
arOrch,146588263,infrastructure_65,fDCC,1.0,10,True,True,True,15.5334328,45,0.75,30.17012511,15.5334328,,,,,,,,,,
arOrch,146588263,infrastructure_65,fCheckDCC,1.0,40,True,True,True,28.40399141,12,0.75,54.31236828,28.40399141,,,,,,,,,,
arOrch,146588263,infrastructure_65,fRules,1.0,57,True,True,True,29.37100829,21,0.75,55.45019471,29.37100829,,,,,,,,,,
arOrch,146588263,infrastructure_65,fAR,1.0,9,True,True,True,58.22121925,9,0.75,76.22292978,58.22121925,,,,,,,,,,
arOrch,146588263,infrastructure_65,__global__,,,,,True,,,,,,1.5,0.25,161.49130001,195.12318575,30.83403833,427.05247051,0.0,594.974,0.33,1.0
arOrch,146588263,infrastructure_70,fLogin,1.0,19,True,True,True,14.75338905,34,0.75,31.66768054,14.75338905,,,,,,,,,,
arOrch,146588263,infrastructure_70,fCrop,0.66,12,True,True,True,43.53277659,12,0.75,80.05323386,43.53277659,,,,,,,,,,
arOrch,146588263,infrastructure_70,fGeo,0.66,67,True,True,True,9.53247247,34,0.75,19.61164317,9.53247247,,,,,,,,,,
arOrch,146588263,infrastructure_70,fDCC,1.0,10,True,True,True,14.75338905,34,0.75,29.0040861,14.75338905,,,,,,,,,,
arOrch,146588263,infrastructure_70,fCheckDCC,1.0,30,True,True,True,29.57627271,10,0.75,49.48075084,29.57627271,,,,,,,,,,
arOrch,146588263,infrastructure_70,fRules,1.0,66,True,True,True,25.58549674,22,0.75,60.93449021,25.58549674,,,,,,,,,,
arOrch,146588263,infrastructure_70,fAR,1.0,12,True,True,True,47.49679571,12,0.75,80.05323386,47.49679571,,,,,,,,,,
arOrch,146588263,infrastructure_70,__global__,,,,,True,,,,,,1.5,0.25,157.64970759,192.13665521,26.61669435,370.94634401,0.0,582.875,0.33,1.0
arOrch,146588263,infrastructure_75,fLogin,1.0,40,True,True,True,22.41791966,50,0.75,34.66495443,22.41791966,,,,,,,,,,
arOrch,146588263,infrastructure_75,fCrop,0.66,12,True,True,True,29.50677809,12,0.75,76.97609301,29.50677809,,,,,,,,,,
arOrch,146588263,infrastructure_75,fGeo,0.66,136,True,True,True,8.55714615,50,0.75,21.76638829,8.55714615,,,,,,,,,,
arOrch,146588263,infrastructure_75,fDCC,1.0,10,True,True,True,19.15593721,50,0.75,30.45253342,19.15593721,,,,,,,,,,
arOrch,146588263,infrastructure_75,fCheckDCC,1.0,30,True,True,True,34.00998171,11,0.75,54.1639913,34.00998171,,,,,,,,,,
arOrch,146588263,infrastructure_75,fRules,1.0,88,True,True,True,28.1919211,23,0.75,55.6658447,28.1919211,,,,,,,,,,
arOrch,146588263,infrastructure_75,fAR,1.0,12,True,True,True,35.57114344,12,0.75,76.97609301,35.57114344,,,,,,,,,,
arOrch,146588263,infrastructure_75,__global__,,,,,True,,,,,,1.5,0.25,146.30987595,183.67015201,25.3955474,395.79126862,0.0,592.556,0.33,1.0
arOrch,146588263,infrastructure_80,fLogin,1.0,36,True,True,True,18.92881454,51,0.75,32.71563136,18.92881454,,,,,,,,,,
arOrch,146588263,infrastructure_80,fCrop,0.66,16,True,True,True,43.53277659,16,0.75,82.60280817,43.53277659,,,,,,,,,,
arOrch,146588263,infrastructure_80,fGeo,0.66,90,True,True,True,8.55714615,51,0.75,20.7080618,8.55714615,,,,,,,,,,
arOrch,146588263,infrastructure_80,fDCC,1.0,9,True,True,True,14.75338905,51,0.75,32.03485725,14.75338905,,,,,,,,,,
arOrch,146588263,infrastructure_80,fCheckDCC,1.0,27,True,True,True,23.05217038,10,0.75,51.118174,23.05217038,,,,,,,,,,
arOrch,146588263,infrastructure_80,fRules,1.0,100,True,True,True,29.26318329,26,0.75,56.3112725,29.26318329,,,,,,,,,,
arOrch,146588263,infrastructure_80,fAR,1.0,16,True,True,True,47.49679571,16,0.75,82.60280817,47.49679571,,,,,,,,,,
arOrch,146588263,infrastructure_80,__global__,,,,,True,,,,,,1.5,0.25,159.42659887,195.66467166,26.72501292,469.89944276,0.0,598.363,0.33,1.0
arOrch,146588263,infrastructure_85,fLogin,1.0,71,True,True,True,18.1785545,58,0.75,32.72267531,18.1785545,,,,,,,,,,
arOrch,146588263,infrastructure_85,fCrop,0.66,8,True,True,True,57.80709235,8,0.75,80.97202516,57.80709235,,,,,,,,,,
arOrch,146588263,infrastructure_85,fGeo,0.66,260,True,True,True,8.55714615,58,0.75,21.06997658,8.55714615,,,,,,,,,,
arOrch,146588263,infrastructure_85,fDCC,1.0,18,True,True,True,15.5334328,58,0.75,30.47124023,15.5334328,,,,,,,,,,
arOrch,146588263,infrastructure_85,fCheckDCC,1.0,54,True,True,True,28.40399141,19,0.75,51.12918017,28.40399141,,,,,,,,,,
arOrch,146588263,infrastructure_85,fRules,1.0,104,True,True,True,33.2733068,27,0.75,59.23825874,33.2733068,,,,,,,,,,
arOrch,146588263,infrastructure_85,fAR,1.0,8,True,True,True,59.30115805,8,0.75,80.97202516,59.30115805,,,,,,,,,,
arOrch,146588263,infrastructure_85,__global__,,,,,True,,,,,,1.5,0.25,190.21603295,218.00994019,30.28137602,394.39112147,0.0,591.679,0.33,1.0
arOrch,146588263,infrastructure_90,fLogin,1.0,24,True,True,True,24.5574795,55,0.75,36.31341379,24.5574795,,,,,,,,,,
arOrch,146588263,infrastructure_90,fCrop,0.66,16,True,True,True,29.50677809,16,0.75,72.45945222,29.50677809,,,,,,,,,,
arOrch,146588263,infrastructure_90,fGeo,0.66,131,True,True,True,8.55714615,55,0.75,27.36060963,8.55714615,,,,,,,,,,
arOrch,146588263,infrastructure_90,fDCC,1.0,6,True,True,True,20.98417438,55,0.75,34.62316932,20.98417438,,,,,,,,,,
arOrch,146588263,infrastructure_90,fCheckDCC,1.0,30,True,True,True,38.37106172,9,0.75,56.73970904,38.37106172,,,,,,,,,,
arOrch,146588263,infrastructure_90,fRules,1.0,88,True,True,True,20.66870065,25,0.75,62.37762892,20.66870065,,,,,,,,,,
arOrch,146588263,infrastructure_90,fAR,1.0,16,True,True,True,32.07114344,16,0.75,72.45945222,32.07114344,,,,,,,,,,
arOrch,146588263,infrastructure_90,__global__,,,,,True,,,,,,1.5,0.25,145.19660275,184.5911436,28.45969485,505.89029291,0.0,591.006,0.33,1.0
arOrch,146588263,infrastructure_95,fLogin,1.0,42,True,True,True,17.12475996,59,0.75,35.45667795,17.12475996,,,,,,,,,,
arOrch,146588263,infrastructure_95,fCrop,0.66,12,True,True,True,33.00677809,12,0.75,74.61701522,33.00677809,,,,,,,,,,
arOrch,146588263,infrastructure_95,fGeo,0.66,266,True,True,True,8.32631233,59,0.75,23.76166112,8.32631233,,,,,,,,,,
arOrch,146588263,infrastructure_95,fDCC,1.0,14,True,True,True,17.12475996,59,0.75,33.74378002,17.12475996,,,,,,,,,,
arOrch,146588263,infrastructure_95,fCheckDCC,1.0,56,True,True,True,35.02799947,16,0.75,55.4010593,35.02799947,,,,,,,,,,
arOrch,146588263,infrastructure_95,fRules,1.0,104,True,True,True,20.66870065,28,0.75,60.93449021,20.66870065,,,,,,,,,,
arOrch,146588263,infrastructure_95,fAR,1.0,12,True,True,True,35.57114344,12,0.75,74.61701522,35.57114344,,,,,,,,,,
arOrch,146588263,infrastructure_95,__global__,,,,,True,,,,,,1.5,0.25,139.00210384,179.34255895,25.33208822,436.44781667,0.0,594.974,0.33,1.0
arOrch,146588263,infrastructure_100,fLogin,1.0,28,True,True,True,17.12475996,67,0.75,36.31341379,17.12475996,,,,,,,,,,
arOrch,146588263,infrastructure_100,fCrop,0.66,15,True,True,True,32.07114344,15,0.75,82.64706635,32.07114344,,,,,,,,,,
arOrch,146588263,infrastructure_100,fGeo,0.66,159,True,True,True,8.32631233,67,0.75,18.81728408,8.32631233,,,,,,,,,,
arOrch,146588263,infrastructure_100,fDCC,1.0,14,True,True,True,15.5334328,67,0.75,36.10504904,15.5334328,,,,,,,,,,
arOrch,146588263,infrastructure_100,fCheckDCC,1.0,56,True,True,True,28.40399141,15,0.75,56.73970904,28.40399141,,,,,,,,,,
arOrch,146588263,infrastructure_100,fRules,1.0,116,True,True,True,26.06007922,30,0.75,63.65858541,26.06007922,,,,,,,,,,
arOrch,146588263,infrastructure_100,fAR,1.0,15,True,True,True,40.84955868,15,0.75,82.64706635,40.84955868,,,,,,,,,,
arOrch,146588263,infrastructure_100,__global__,,,,,True,,,,,,1.5,0.25,141.13724253,185.0351886,30.6895045,370.91334466,0.0,599.135,0.33,1.0
arOrch,146588263,infrastructure_105,fLogin,1.0,47,True,True,True,21.49712803,72,0.75,35.10829682,21.49712803,,,,,,,,,,
arOrch,146588263,infrastructure_105,fCrop,0.66,13,True,True,True,29.50677809,13,0.75,79.21812849,29.50677809,,,,,,,,,,
arOrch,146588263,infrastructure_105,fGeo,0.66,141,True,True,True,8.32631233,72,0.75,22.37250717,8.32631233,,,,,,,,,,
arOrch,146588263,infrastructure_105,fDCC,1.0,16,True,True,True,18.36912795,72,0.75,31.63051362,18.36912795,,,,,,,,,,
arOrch,146588263,infrastructure_105,fCheckDCC,1.0,48,True,True,True,33.58926254,18,0.75,54.58454104,33.58926254,,,,,,,,,,
arOrch,146588263,infrastructure_105,fRules,1.0,116,True,True,True,16.58914449,31,0.75,61.10141432,16.58914449,,,,,,,,,,
arOrch,146588263,infrastructure_105,fAR,1.0,13,True,True,True,35.57114344,13,0.75,79.21812849,35.57114344,,,,,,,,,,
arOrch,146588263,infrastructure_105,__global__,,,,,True,,,,,,1.5,0.25,138.35969335,180.11740808,25.85721503,471.54142753,0.0,596.747,0.33,1.0
arOrch,146588263,infrastructure_110,fLogin,1.0,45,True,True,True,24.5574795,72,0.75,34.7599157,24.5574795,,,,,,,,,,
arOrch,146588263,infrastructure_110,fCrop,0.66,17,True,True,True,32.07114344,17,0.75,72.42932384,32.07114344,,,,,,,,,,
arOrch,146588263,infrastructure_110,fGeo,0.66,310,True,True,True,8.29558335,72,0.75,22.36901632,8.29558335,,,,,,,,,,
arOrch,146588263,infrastructure_110,fDCC,1.0,15,True,True,True,20.98417438,72,0.75,32.0689448,20.98417438,,,,,,,,,,
arOrch,146588263,infrastructure_110,fCheckDCC,1.0,45,True,True,True,38.37106172,17,0.75,54.31236828,38.37106172,,,,,,,,,,
arOrch,146588263,infrastructure_110,fRules,1.0,128,True,True,True,20.66870065,34,0.75,60.03988196,20.66870065,,,,,,,,,,
arOrch,146588263,infrastructure_110,fAR,1.0,17,True,True,True,34.24951991,17,0.75,72.42932384,34.24951991,,,,,,,,,,
arOrch,146588263,infrastructure_110,__global__,,,,,True,,,,,,1.5,0.25,149.67778176,185.06649873,28.35251467,512.32861937,0.0,596.747,0.33,1.0
arOrch,146588263,infrastructure_115,fLogin,1.0,60,True,True,True,18.92881454,76,0.75,34.06275792,18.92881454,,,,,,,,,,
arOrch,146588263,infrastructure_115,fCrop,0.66,18,True,True,True,45.33506566,18,0.75,78.1467828,45.33506566,,,,,,,,,,
arOrch,146588263,infrastructure_115,fGeo,0.66,163,True,True,True,8.29558335,76,0.75,17.46963448,8.29558335,,,,,,,,,,
arOrch,146588263,infrastructure_115,fDCC,1.0,15,True,True,True,16.17452414,76,0.75,32.19165595,16.17452414,,,,,,,,,,
arOrch,146588263,infrastructure_115,fCheckDCC,1.0,75,True,True,True,29.57627271,17,0.75,53.22305925,29.57627271,,,,,,,,,,
arOrch,146588263,infrastructure_115,fRules,1.0,132,True,True,True,25.40350738,35,0.75,59.87594166,25.40350738,,,,,,,,,,
arOrch,146588263,infrastructure_115,fAR,1.0,18,True,True,True,54.80974439,18,0.75,78.1467828,54.80974439,,,,,,,,,,
arOrch,146588263,infrastructure_115,__global__,,,,,True,,,,,,1.5,0.25,171.03362212,202.41699519,27.97948249,407.35847534,0.0,593.636,0.33,1.0
arOrch,146588263,infrastructure_120,fLogin,1.0,60,True,True,True,19.07400682,86,0.75,36.80265125,19.07400682,,,,,,,,,,
arOrch,146588263,infrastructure_120,fCrop,0.66,16,True,True,True,29.50677809,16,0.75,71.11701522,29.50677809,,,,,,,,,,
arOrch,146588263,infrastructure_120,fGeo,0.66,353,True,True,True,8.29558335,86,0.75,21.06997658,8.29558335,,,,,,,,,,
arOrch,146588263,infrastructure_120,fDCC,1.0,20,True,True,True,16.29858981,86,0.75,35.39445079,16.29858981,,,,,,,,,,
arOrch,146588263,infrastructure_120,fCheckDCC,1.0,60,True,True,True,29.80313566,23,0.75,57.50414257,29.80313566,,,,,,,,,,
arOrch,146588263,infrastructure_120,fRules,1.0,144,True,True,True,15.63185014,39,0.75,61.29527489,15.63185014,,,,,,,,,,
arOrch,146588263,infrastructure_120,fAR,1.0,16,True,True,True,34.24951991,16,0.75,71.11701522,34.24951991,,,,,,,,,,
arOrch,146588263,infrastructure_120,__global__,,,,,True,,,,,,1.5,0.25,130.14197088,171.33168261,26.21697983,537.56460057,0.0,598.381,0.33,1.0
arOrch,146588263,infrastructure_125,fLogin,1.0,75,True,True,True,16.28370306,97,0.75,31.9393442,16.28370306,,,,,,,,,,
arOrch,146588263,infrastructure_125,fCrop,0.66,9,True,True,True,34.24951991,9,0.75,75.92932384,34.24951991,,,,,,,,,,
arOrch,146588263,infrastructure_125,fGeo,0.66,282,True,True,True,8.29558335,97,0.75,21.47516169,8.29558335,,,,,,,,,,
arOrch,146588263,infrastructure_125,fDCC,1.0,25,True,True,True,15.5334328,97,0.75,29.70207641,15.5334328,,,,,,,,,,
arOrch,146588263,infrastructure_125,fCheckDCC,1.0,100,True,True,True,28.40399141,28,0.75,49.90522531,28.40399141,,,,,,,,,,
arOrch,146588263,infrastructure_125,fRules,1.0,102,True,True,True,26.06007922,37,0.75,56.14337848,26.06007922,,,,,,,,,,
arOrch,146588263,infrastructure_125,fAR,1.0,9,True,True,True,54.30709235,9,0.75,75.92932384,54.30709235,,,,,,,,,,
arOrch,146588263,infrastructure_125,__global__,,,,,True,,,,,,1.5,0.25,155.90136678,188.92590806,30.99255235,485.124557,0.0,595.468,0.33,1.0
arOrch,146588263,infrastructure_130,fLogin,1.0,42,True,True,True,16.03557172,91,0.75,31.9393442,16.03557172,,,,,,,,,,
arOrch,146588263,infrastructure_130,fCrop,0.66,17,True,True,True,34.24951991,17,0.75,89.35677784,34.24951991,,,,,,,,,,
arOrch,146588263,infrastructure_130,fGeo,0.66,302,True,True,True,8.29558335,91,0.75,20.2997159,8.29558335,,,,,,,,,,
arOrch,146588263,infrastructure_130,fDCC,1.0,21,True,True,True,15.5334328,91,0.75,27.29192009,15.5334328,,,,,,,,,,
arOrch,146588263,infrastructure_130,fCheckDCC,1.0,63,True,True,True,28.40399141,24,0.75,49.90522531,28.40399141,,,,,,,,,,
arOrch,146588263,infrastructure_130,fRules,1.0,114,True,True,True,33.52852761,41,0.75,62.37762892,33.52852761,,,,,,,,,,
arOrch,146588263,infrastructure_130,fAR,1.0,17,True,True,True,41.83506566,17,0.75,89.35677784,41.83506566,,,,,,,,,,
arOrch,146588263,infrastructure_130,__global__,,,,,True,,,,,,1.5,0.25,146.91543295,188.78306546,31.55633358,446.41241505,0.0,597.11,0.33,1.0
arOrch,146588263,infrastructure_135,fLogin,1.0,64,True,True,True,14.75338905,84,0.75,33.23581536,14.75338905,,,,,,,,,,
arOrch,146588263,infrastructure_135,fCrop,0.66,17,True,True,True,32.07114344,17,0.75,74.47188002,32.07114344,,,,,,,,,,
arOrch,146588263,infrastructure_135,fGeo,0.66,315,True,True,True,8.32631233,84,0.75,17.46963448,8.32631233,,,,,,,,,,
arOrch,146588263,infrastructure_135,fDCC,1.0,16,True,True,True,14.75338905,84,0.75,28.78637544,14.75338905,,,,,,,,,,
arOrch,146588263,infrastructure_135,fCheckDCC,1.0,64,True,True,True,25.44328603,19,0.75,51.9309615,25.44328603,,,,,,,,,,
arOrch,146588263,infrastructure_135,fRules,1.0,99,True,True,True,24.08631345,36,0.75,57.52930414,24.08631345,,,,,,,,,,
arOrch,146588263,infrastructure_135,fAR,1.0,17,True,True,True,37.74951991,17,0.75,74.47188002,37.74951991,,,,,,,,,,
arOrch,146588263,infrastructure_135,__global__,,,,,True,,,,,,1.5,0.25,132.41855352,170.10534468,24.58327751,524.72077847,0.0,596.756,0.33,1.0
arOrch,146588263,infrastructure_140,fLogin,1.0,63,True,True,True,16.03557172,88,0.75,36.21466192,16.03557172,,,,,,,,,,
arOrch,146588263,infrastructure_140,fCrop,0.66,19,True,True,True,32.56740612,19,0.75,73.3250584,32.56740612,,,,,,,,,,
arOrch,146588263,infrastructure_140,fGeo,0.66,262,True,True,True,8.29558335,88,0.75,20.7080618,8.29558335,,,,,,,,,,
arOrch,146588263,infrastructure_140,fDCC,1.0,21,True,True,True,16.03557172,88,0.75,31.479578,16.03557172,,,,,,,,,,
arOrch,146588263,infrastructure_140,fCheckDCC,1.0,105,True,True,True,33.58926254,24,0.75,56.58540925,33.58926254,,,,,,,,,,
arOrch,146588263,infrastructure_140,fRules,1.0,120,True,True,True,16.58914449,43,0.75,62.50518915,16.58914449,,,,,,,,,,
arOrch,146588263,infrastructure_140,fAR,1.0,19,True,True,True,33.00677809,19,0.75,73.3250584,33.00677809,,,,,,,,,,
arOrch,146588263,infrastructure_140,__global__,,,,,True,,,,,,1.5,0.25,131.03011452,171.92201532,24.71503527,507.52276408,0.0,598.998,0.33,1.0
arOrch,146588263,infrastructure_145,fLogin,1.0,54,True,True,True,16.28370306,90,0.75,38.27036362,16.28370306,,,,,,,,,,
arOrch,146588263,infrastructure_145,fCrop,0.66,25,True,True,True,32.07114344,25,0.75,71.62551584,32.07114344,,,,,,,,,,
arOrch,146588263,infrastructure_145,fGeo,0.66,284,True,True,True,8.46040774,90,0.75,25.1836624,8.46040774,,,,,,,,,,
arOrch,146588263,infrastructure_145,fDCC,1.0,18,True,True,True,16.28370306,90,0.75,37.79313894,16.28370306,,,,,,,,,,
arOrch,146588263,infrastructure_145,fCheckDCC,1.0,72,True,True,True,32.68364504,21,0.75,59.79744316,32.68364504,,,,,,,,,,
arOrch,146588263,infrastructure_145,fRules,1.0,129,True,True,True,24.08631345,46,0.75,63.78448646,24.08631345,,,,,,,,,,
arOrch,146588263,infrastructure_145,fAR,1.0,25,True,True,True,33.00677809,25,0.75,71.62551584,33.00677809,,,,,,,,,,
arOrch,146588263,infrastructure_145,__global__,,,,,True,,,,,,1.5,0.25,134.49071464,177.44032634,24.9002162,513.02361045,0.0,595.61,0.33,1.0
arOrch,146588263,infrastructure_150,fLogin,1.0,46,True,True,True,22.58255992,106,0.75,34.34254936,22.58255992,,,,,,,,,,
arOrch,146588263,infrastructure_150,fCrop,0.66,22,True,True,True,29.50677809,22,0.75,70.22975704,29.50677809,,,,,,,,,,
arOrch,146588263,infrastructure_150,fGeo,0.66,457,True,True,True,8.29558335,106,0.75,21.06997658,8.29558335,,,,,,,,,,
arOrch,146588263,infrastructure_150,fDCC,1.0,23,True,True,True,20.98417438,106,0.75,30.26431588,20.98417438,,,,,,,,,,
arOrch,146588263,infrastructure_150,fCheckDCC,1.0,69,True,True,True,36.23911528,24,0.75,53.8059581,36.23911528,,,,,,,,,,
arOrch,146588263,infrastructure_150,fRules,1.0,180,True,True,True,16.58914449,46,0.75,59.87594166,16.58914449,,,,,,,,,,
arOrch,146588263,infrastructure_150,fAR,1.0,22,True,True,True,32.07114344,22,0.75,70.22975704,32.07114344,,,,,,,,,,
arOrch,146588263,infrastructure_150,__global__,,,,,True,,,,,,1.5,0.25,139.85436907,175.63510324,26.25708498,417.85932756,0.0,592.586,0.33,1.0
arOrch,146588263,infrastructure_155,fLogin,1.0,84,True,True,True,14.75338905,111,0.75,34.54895785,14.75338905,,,,,,,,,,
arOrch,146588263,infrastructure_155,fCrop,0.66,15,True,True,True,36.06740612,15,0.75,74.76215042,36.06740612,,,,,,,,,,
arOrch,146588263,infrastructure_155,fGeo,0.66,457,True,True,True,8.29558335,111,0.75,21.01125539,8.29558335,,,,,,,,,,
arOrch,146588263,infrastructure_155,fDCC,1.0,28,True,True,True,14.75338905,111,0.75,29.52181458,14.75338905,,,,,,,,,,
arOrch,146588263,infrastructure_155,fCheckDCC,1.0,140,True,True,True,29.57627271,34,0.75,53.98274665,29.57627271,,,,,,,,,,
arOrch,146588263,infrastructure_155,fRules,1.0,172,True,True,True,24.34667027,49,0.75,61.10141432,24.34667027,,,,,,,,,,
arOrch,146588263,infrastructure_155,fAR,1.0,15,True,True,True,46.38606756,15,0.75,74.76215042,46.38606756,,,,,,,,,,
arOrch,146588263,infrastructure_155,__global__,,,,,True,,,,,,1.5,0.25,147.21730662,183.45008225,24.48824428,513.02361045,0.0,598.285,0.33,1.0
arOrch,146588263,infrastructure_160,fLogin,1.0,87,True,True,True,19.07400682,110,0.75,34.66495443,19.07400682,,,,,,,,,,
arOrch,146588263,infrastructure_160,fCrop,0.66,21,True,True,True,32.07114344,21,0.75,82.71812849,32.07114344,,,,,,,,,,
arOrch,146588263,infrastructure_160,fGeo,0.66,277,True,True,True,8.32631233,110,0.75,20.7080618,8.32631233,,,,,,,,,,
arOrch,146588263,infrastructure_160,fDCC,1.0,29,True,True,True,16.29858981,110,0.75,31.23426475,16.29858981,,,,,,,,,,
arOrch,146588263,infrastructure_160,fCheckDCC,1.0,116,True,True,True,29.80313566,29,0.75,54.1639913,29.80313566,,,,,,,,,,
arOrch,146588263,infrastructure_160,fRules,1.0,200,True,True,True,21.386039,50,0.75,60.93449021,21.386039,,,,,,,,,,
arOrch,146588263,infrastructure_160,fAR,1.0,21,True,True,True,33.00677809,21,0.75,82.71812849,33.00677809,,,,,,,,,,
arOrch,146588263,infrastructure_160,__global__,,,,,True,,,,,,1.5,0.25,134.37141782,178.17675804,24.79189764,390.79235404,0.0,596.819,0.33,1.0
arOrch,146588263,infrastructure_165,fLogin,1.0,54,True,True,True,17.12475996,117,0.75,33.46881948,17.12475996,,,,,,,,,,
arOrch,146588263,infrastructure_165,fCrop,0.66,19,True,True,True,56.13406753,19,0.75,90.76776294,56.13406753,,,,,,,,,,
arOrch,146588263,infrastructure_165,fGeo,0.66,424,True,True,True,8.36623361,117,0.75,17.52363142,8.36623361,,,,,,,,,,
arOrch,146588263,infrastructure_165,fDCC,1.0,27,True,True,True,16.29858981,117,0.75,29.60058989,16.29858981,,,,,,,,,,
arOrch,146588263,infrastructure_165,fCheckDCC,1.0,108,True,True,True,29.80313566,31,0.75,53.22305925,29.80313566,,,,,,,,,,
arOrch,146588263,infrastructure_165,fRules,1.0,184,True,True,True,29.37100829,50,0.75,61.98154183,29.37100829,,,,,,,,,,
arOrch,146588263,infrastructure_165,fAR,1.0,19,True,True,True,56.7846648,19,0.75,90.76776294,56.7846648,,,,,,,,,,
arOrch,146588263,infrastructure_165,__global__,,,,,True,,,,,,1.5,0.25,184.29538769,218.15425757,28.61578969,494.25603924,0.0,594.252,0.33,1.0
arOrch,146588263,infrastructure_170,fLogin,1.0,116,True,True,True,14.75338905,129,0.75,35.48594001,14.75338905,,,,,,,,,,
arOrch,146588263,infrastructure_170,fCrop,0.66,17,True,True,True,45.33506566,17,0.75,79.17823679,45.33506566,,,,,,,,,,
arOrch,146588263,infrastructure_170,fGeo,0.66,320,True,True,True,8.29558335,129,0.75,20.2997159,8.29558335,,,,,,,,,,
arOrch,146588263,infrastructure_170,fDCC,1.0,29,True,True,True,14.75338905,129,0.75,30.81976552,14.75338905,,,,,,,,,,
arOrch,146588263,infrastructure_170,fCheckDCC,1.0,116,True,True,True,29.57627271,33,0.75,55.44678126,29.57627271,,,,,,,,,,
arOrch,146588263,infrastructure_170,fRules,1.0,184,True,True,True,29.37100829,50,0.75,56.14337848,29.37100829,,,,,,,,,,
arOrch,146588263,infrastructure_170,fAR,1.0,17,True,True,True,51.30974439,17,0.75,79.17823679,51.30974439,,,,,,,,,,
arOrch,146588263,infrastructure_170,__global__,,,,,True,,,,,,1.5,0.25,163.920812,198.12985272,26.25002341,517.36611341,0.0,599.46,0.33,1.0
arOrch,146588263,infrastructure_175,fLogin,1.0,132,True,True,True,18.1785545,120,0.75,36.36146489,18.1785545,,,,,,,,,,
arOrch,146588263,infrastructure_175,fCrop,0.66,19,True,True,True,37.74951991,19,0.75,77.58245328,37.74951991,,,,,,,,,,
arOrch,146588263,infrastructure_175,fGeo,0.66,501,True,True,True,8.30621704,120,0.75,24.9874118,8.30621704,,,,,,,,,,
arOrch,146588263,infrastructure_175,fDCC,1.0,33,True,True,True,15.5334328,120,0.75,35.48594001,15.5334328,,,,,,,,,,
arOrch,146588263,infrastructure_175,fCheckDCC,1.0,99,True,True,True,25.44328603,34,0.75,56.81478889,25.44328603,,,,,,,,,,
arOrch,146588263,infrastructure_175,fRules,1.0,156,True,True,True,20.75576615,53,0.75,63.50853853,20.75576615,,,,,,,,,,
arOrch,146588263,infrastructure_175,fAR,1.0,19,True,True,True,44.34955868,19,0.75,77.58245328,44.34955868,,,,,,,,,,
arOrch,146588263,infrastructure_175,__global__,,,,,True,,,,,,1.5,0.25,147.21680902,188.45295351,25.81273659,418.41942598,0.0,599.085,0.33,1.0
arOrch,146588263,infrastructure_180,fLogin,1.0,60,True,True,True,16.03557172,123,0.75,35.25840125,16.03557172,,,,,,,,,,
arOrch,146588263,infrastructure_180,fCrop,0.66,21,True,True,True,29.50677809,21,0.75,82.55854999,29.50677809,,,,,,,,,,
arOrch,146588263,infrastructure_180,fGeo,0.66,261,True,True,True,8.46040774,123,0.75,20.83587479,8.46040774,,,,,,,,,,
arOrch,146588263,infrastructure_180,fDCC,1.0,30,True,True,True,16.03557172,123,0.75,30.85368162,16.03557172,,,,,,,,,,
arOrch,146588263,infrastructure_180,fCheckDCC,1.0,150,True,True,True,26.75743743,34,0.75,55.09125195,26.75743743,,,,,,,,,,
arOrch,146588263,infrastructure_180,fRules,1.0,153,True,True,True,20.8726153,55,0.75,61.97765844,20.8726153,,,,,,,,,,
arOrch,146588263,infrastructure_180,fAR,1.0,21,True,True,True,44.34955868,21,0.75,82.55854999,44.34955868,,,,,,,,,,
arOrch,146588263,infrastructure_180,__global__,,,,,True,,,,,,1.5,0.25,138.20291432,181.30206395,27.59023586,465.29965348,0.0,596.462,0.33,1.0
arOrch,146588263,infrastructure_185,fLogin,1.0,112,True,True,True,18.1785545,124,0.75,35.31694285,18.1785545,,,,,,,,,,
arOrch,146588263,infrastructure_185,fCrop,0.66,25,True,True,True,32.07114344,25,0.75,78.02931729,32.07114344,,,,,,,,,,
arOrch,146588263,infrastructure_185,fGeo,0.66,318,True,True,True,8.32631233,124,0.75,22.37250717,8.32631233,,,,,,,,,,
arOrch,146588263,infrastructure_185,fDCC,1.0,28,True,True,True,15.5334328,124,0.75,31.29559306,15.5334328,,,,,,,,,,
arOrch,146588263,infrastructure_185,fCheckDCC,1.0,140,True,True,True,28.40399141,31,0.75,55.1827232,28.40399141,,,,,,,,,,
arOrch,146588263,infrastructure_185,fRules,1.0,159,True,True,True,26.57033946,56,0.75,59.23825874,26.57033946,,,,,,,,,,
arOrch,146588263,infrastructure_185,fAR,1.0,25,True,True,True,32.56740612,25,0.75,78.02931729,32.56740612,,,,,,,,,,
arOrch,146588263,infrastructure_185,__global__,,,,,True,,,,,,1.5,0.25,134.16401462,176.18655313,31.26146038,540.70860608,0.0,598.396,0.33,1.0
arOrch,146588263,infrastructure_190,fLogin,1.0,96,True,True,True,16.03557172,130,0.75,30.41666022,16.03557172,,,,,,,,,,
arOrch,146588263,infrastructure_190,fCrop,0.66,24,True,True,True,40.84955868,24,0.75,84.09890151,40.84955868,,,,,,,,,,
arOrch,146588263,infrastructure_190,fGeo,0.66,453,True,True,True,8.30621704,130,0.75,19.14339049,8.30621704,,,,,,,,,,
arOrch,146588263,infrastructure_190,fDCC,1.0,32,True,True,True,15.5334328,130,0.75,26.39531883,15.5334328,,,,,,,,,,
arOrch,146588263,infrastructure_190,fCheckDCC,1.0,128,True,True,True,25.44328603,35,0.75,47.52603159,25.44328603,,,,,,,,,,
arOrch,146588263,infrastructure_190,fRules,1.0,168,True,True,True,20.8726153,59,0.75,59.37800825,20.8726153,,,,,,,,,,
arOrch,146588263,infrastructure_190,fAR,1.0,24,True,True,True,46.38606756,24,0.75,84.09890151,46.38606756,,,,,,,,,,
arOrch,146588263,infrastructure_190,__global__,,,,,True,,,,,,1.5,0.25,150.26879847,187.10289697,28.28176743,538.2546228,0.0,599.744,0.33,1.0
arOrch,146588263,infrastructure_195,fLogin,1.0,56,True,True,True,18.1785545,134,0.75,33.94122901,18.1785545,,,,,,,,,,
arOrch,146588263,infrastructure_195,fCrop,0.66,26,True,True,True,32.56740612,26,0.75,72.16682498,32.56740612,,,,,,,,,,
arOrch,146588263,infrastructure_195,fGeo,0.66,431,True,True,True,8.46040774,134,0.75,19.14339049,8.46040774,,,,,,,,,,
arOrch,146588263,infrastructure_195,fDCC,1.0,28,True,True,True,15.5334328,134,0.75,29.79723489,15.5334328,,,,,,,,,,
arOrch,146588263,infrastructure_195,fCheckDCC,1.0,140,True,True,True,28.40399141,32,0.75,53.03317032,28.40399141,,,,,,,,,,
arOrch,146588263,infrastructure_195,fRules,1.0,162,True,True,True,19.92263628,58,0.75,57.52032769,19.92263628,,,,,,,,,,
arOrch,146588263,infrastructure_195,fAR,1.0,26,True,True,True,35.57114344,26,0.75,72.16682498,35.57114344,,,,,,,,,,
arOrch,146588263,infrastructure_195,__global__,,,,,True,,,,,,1.5,0.25,134.47425845,171.47875717,25.44240798,539.34678989,0.0,599.631,0.33,1.0
arOrch,146588263,infrastructure_200,fLogin,1.0,144,True,True,True,14.75338905,144,0.75,35.58698574,14.75338905,,,,,,,,,,
arOrch,146588263,infrastructure_200,fCrop,0.66,23,True,True,True,32.07114344,23,0.75,71.03461165,32.07114344,,,,,,,,,,
arOrch,146588263,infrastructure_200,fGeo,0.66,651,True,True,True,8.29558335,144,0.75,22.37250717,8.29558335,,,,,,,,,,
arOrch,146588263,infrastructure_200,fDCC,1.0,36,True,True,True,14.75338905,144,0.75,32.63509623,14.75338905,,,,,,,,,,
arOrch,146588263,infrastructure_200,fCheckDCC,1.0,144,True,True,True,26.75743743,38,0.75,55.60466521,26.75743743,,,,,,,,,,
arOrch,146588263,infrastructure_200,fRules,1.0,177,True,True,True,20.66870065,61,0.75,59.8494528,20.66870065,,,,,,,,,,
arOrch,146588263,infrastructure_200,fAR,1.0,23,True,True,True,36.06740612,23,0.75,71.03461165,36.06740612,,,,,,,,,,
arOrch,146588263,infrastructure_200,__global__,,,,,True,,,,,,1.5,0.25,129.65398005,169.8382029,24.10535387,517.238321,0.0,599.631,0.33,1.0
arOrch,146588263,infrastructure_205,fLogin,1.0,132,True,True,True,18.92881454,146,0.75,36.28628563,18.92881454,,,,,,,,,,
arOrch,146588263,infrastructure_205,fCrop,0.66,28,True,True,True,29.50677809,28,0.75,74.77346921,29.50677809,,,,,,,,,,
arOrch,146588263,infrastructure_205,fGeo,0.66,643,True,True,True,8.29558335,146,0.75,20.22510484,8.29558335,,,,,,,,,,
arOrch,146588263,infrastructure_205,fDCC,1.0,33,True,True,True,16.17452414,146,0.75,31.479578,16.17452414,,,,,,,,,,
arOrch,146588263,infrastructure_205,fCheckDCC,1.0,165,True,True,True,29.57627271,37,0.75,56.6973213,29.57627271,,,,,,,,,,
arOrch,146588263,infrastructure_205,fRules,1.0,244,True,True,True,19.92263628,65,0.75,62.32619171,19.92263628,,,,,,,,,,
arOrch,146588263,infrastructure_205,fAR,1.0,28,True,True,True,32.56740612,28,0.75,74.77346921,32.56740612,,,,,,,,,,
arOrch,146588263,infrastructure_205,__global__,,,,,True,,,,,,1.5,0.25,130.22256074,171.9293364,28.19202167,470.45307665,0.0,599.631,0.33,1.0
arOrch,146588263,infrastructure_210,fLogin,1.0,87,True,True,True,18.92881454,148,0.75,34.26018024,18.92881454,,,,,,,,,,
arOrch,146588263,infrastructure_210,fCrop,0.66,30,True,True,True,36.06740612,30,0.75,82.24920099,36.06740612,,,,,,,,,,
arOrch,146588263,infrastructure_210,fGeo,0.66,278,True,True,True,8.29558335,148,0.75,20.62963481,8.29558335,,,,,,,,,,
arOrch,146588263,infrastructure_210,fDCC,1.0,29,True,True,True,16.17452414,148,0.75,29.62093274,16.17452414,,,,,,,,,,
arOrch,146588263,infrastructure_210,fCheckDCC,1.0,87,True,True,True,29.57627271,34,0.75,53.53153163,29.57627271,,,,,,,,,,
arOrch,146588263,infrastructure_210,fRules,1.0,236,True,True,True,21.386039,64,0.75,60.22297309,21.386039,,,,,,,,,,
arOrch,146588263,infrastructure_210,fAR,1.0,30,True,True,True,37.74951991,30,0.75,82.24920099,37.74951991,,,,,,,,,,
arOrch,146588263,infrastructure_210,__global__,,,,,True,,,,,,1.5,0.25,142.69700391,183.49435347,25.84728932,545.55568705,0.0,598.939,0.33,1.0
arOrch,146588263,infrastructure_215,fLogin,1.0,117,True,True,True,18.1785545,143,0.75,35.77621041,18.1785545,,,,,,,,,,
arOrch,146588263,infrastructure_215,fCrop,0.66,26,True,True,True,35.57114344,26,0.75,77.59432881,35.57114344,,,,,,,,,,
arOrch,146588263,infrastructure_215,fGeo,0.66,528,True,True,True,8.36623361,143,0.75,20.71976663,8.36623361,,,,,,,,,,
arOrch,146588263,infrastructure_215,fDCC,1.0,39,True,True,True,15.5334328,143,0.75,31.8512689,15.5334328,,,,,,,,,,
arOrch,146588263,infrastructure_215,fCheckDCC,1.0,195,True,True,True,28.40399141,39,0.75,55.90032877,28.40399141,,,,,,,,,,
arOrch,146588263,infrastructure_215,fRules,1.0,260,True,True,True,21.51265184,65,0.75,61.98154183,21.51265184,,,,,,,,,,
arOrch,146588263,infrastructure_215,fAR,1.0,26,True,True,True,40.84955868,26,0.75,77.59432881,40.84955868,,,,,,,,,,
arOrch,146588263,infrastructure_215,__global__,,,,,True,,,,,,1.5,0.25,143.45724465,183.21214321,25.44240798,405.54275989,0.0,597.827,0.33,1.0
arOrch,146588263,infrastructure_220,fLogin,1.0,114,True,True,True,18.1785545,156,0.75,31.54499966,18.1785545,,,,,,,,,,
arOrch,146588263,infrastructure_220,fCrop,0.66,24,True,True,True,43.73089897,24,0.75,82.72249204,43.73089897,,,,,,,,,,
arOrch,146588263,infrastructure_220,fGeo,0.66,285,True,True,True,8.29558335,156,0.75,20.22946272,8.29558335,,,,,,,,,,
arOrch,146588263,infrastructure_220,fDCC,1.0,38,True,True,True,15.5334328,156,0.75,27.46321424,15.5334328,,,,,,,,,,
arOrch,146588263,infrastructure_220,fCheckDCC,1.0,190,True,True,True,28.40399141,41,0.75,49.28906196,28.40399141,,,,,,,,,,
arOrch,146588263,infrastructure_220,fRules,1.0,186,True,True,True,19.92263628,65,0.75,55.45019471,19.92263628,,,,,,,,,,
arOrch,146588263,infrastructure_220,fAR,1.0,24,True,True,True,43.99679571,24,0.75,82.72249204,43.99679571,,,,,,,,,,
arOrch,146588263,infrastructure_220,__global__,,,,,True,,,,,,1.5,0.25,153.89857917,189.68700664,27.88364029,543.47366528,0.0,599.674,0.33,1.0
mediaOrch,146588263,infrastructure_50,fDocAnalysis,1.0,105,True,True,True,0.31711059,31,0.75,29.11060963,0.31711059,,,,,,,,,,
mediaOrch,146588263,infrastructure_50,fProcDoc,1.0,120,True,True,True,0.31711059,39,0.75,33.57467901,0.31711059,,,,,,,,,,
mediaOrch,146588263,infrastructure_50,fPayAppr,0.66,67,True,True,True,0.31711059,43,0.75,17.0870743,0.31711059,,,,,,,,,,
mediaOrch,146588263,infrastructure_50,fNotify,0.66,73,True,True,True,0.31711059,43,0.75,16.47699446,0.31711059,,,,,,,,,,
mediaOrch,146588263,infrastructure_50,fArchive,0.66,67,True,True,True,0.31711059,43,0.75,18.05755876,0.31711059,,,,,,,,,,
mediaOrch,146588263,infrastructure_50,__global__,,,,,True,,,,,,1.5,0.25,1.26844236,25.21124166,1.26844236,225.08162276,0.0,599.28,0.33,1.0
mediaOrch,146588263,infrastructure_55,fDocAnalysis,1.0,72,True,True,True,0.31711059,41,0.75,27.20531204,0.31711059,,,,,,,,,,
mediaOrch,146588263,infrastructure_55,fProcDoc,1.0,87,True,True,True,0.31711059,47,0.75,27.36519701,0.31711059,,,,,,,,,,
mediaOrch,146588263,infrastructure_55,fPayAppr,0.66,68,True,True,True,0.31711059,46,0.75,14.65966081,0.31711059,,,,,,,,,,
mediaOrch,146588263,infrastructure_55,fNotify,0.66,74,True,True,True,0.31711059,46,0.75,14.24993878,0.31711059,,,,,,,,,,
mediaOrch,146588263,infrastructure_55,fArchive,0.66,68,True,True,True,0.31711059,46,0.75,14.65966081,0.31711059,,,,,,,,,,
mediaOrch,146588263,infrastructure_55,__global__,,,,,True,,,,,,1.5,0.25,1.26844236,21.87257418,1.26844236,246.48041417,0.0,599.135,0.33,1.0
mediaOrch,146588263,infrastructure_60,fDocAnalysis,1.0,78,True,True,True,0.31711059,43,0.75,29.31060482,0.31711059,,,,,,,,,,
mediaOrch,146588263,infrastructure_60,fProcDoc,1.0,99,True,True,True,0.31711059,51,0.75,33.77885924,0.31711059,,,,,,,,,,
mediaOrch,146588263,infrastructure_60,fPayAppr,0.66,72,True,True,True,0.31711059,50,0.75,16.85201115,0.31711059,,,,,,,,,,
mediaOrch,146588263,infrastructure_60,fNotify,0.66,78,True,True,True,0.31711059,50,0.75,16.35792424,0.31711059,,,,,,,,,,
mediaOrch,146588263,infrastructure_60,fArchive,0.66,72,True,True,True,0.31711059,50,0.75,17.18431818,0.31711059,,,,,,,,,,
mediaOrch,146588263,infrastructure_60,__global__,,,,,True,,,,,,1.5,0.25,1.26844236,25.12948088,1.26844236,224.60541299,0.0,595.076,0.33,1.0
mediaOrch,146588263,infrastructure_65,fDocAnalysis,1.0,80,True,True,True,0.31711059,50,0.75,30.63085592,0.31711059,,,,,,,,,,
mediaOrch,146588263,infrastructure_65,fProcDoc,1.0,62,True,True,True,0.31711059,54,0.75,26.73727088,0.31711059,,,,,,,,,,
mediaOrch,146588263,infrastructure_65,fPayAppr,0.66,82,True,True,True,0.31711059,58,0.75,17.27310961,0.31711059,,,,,,,,,,
mediaOrch,146588263,infrastructure_65,fNotify,0.66,88,True,True,True,0.31711059,58,0.75,15.65896753,0.31711059,,,,,,,,,,
mediaOrch,146588263,infrastructure_65,fArchive,0.66,82,True,True,True,0.31711059,58,0.75,18.46008561,0.31711059,,,,,,,,,,
mediaOrch,146588263,infrastructure_65,__global__,,,,,True,,,,,,1.5,0.25,1.26844236,23.87652252,1.26844236,242.42650394,0.0,594.974,0.33,1.0
mediaOrch,146588263,infrastructure_70,fDocAnalysis,1.0,88,True,True,True,0.31711059,45,0.75,30.30123743,0.31711059,,,,,,,,,,
mediaOrch,146588263,infrastructure_70,fProcDoc,1.0,64,True,True,True,0.31711059,44,0.75,26.65037461,0.31711059,,,,,,,,,,
mediaOrch,146588263,infrastructure_70,fPayAppr,0.66,87,True,True,True,0.31711059,64,0.75,18.98033729,0.31711059,,,,,,,,,,
mediaOrch,146588263,infrastructure_70,fNotify,0.66,93,True,True,True,0.31711059,64,0.75,18.3295458,0.31711059,,,,,,,,,,
mediaOrch,146588263,infrastructure_70,fArchive,0.66,87,True,True,True,0.31711059,64,0.75,19.63431332,0.31711059,,,,,,,,,,
mediaOrch,146588263,infrastructure_70,__global__,,,,,True,,,,,,1.5,0.25,1.26844236,24.67980149,1.26844236,183.3716558,0.0,582.875,0.33,1.0
mediaOrch,146588263,infrastructure_75,fDocAnalysis,1.0,132,True,True,True,0.31711059,50,0.75,31.76979574,0.31711059,,,,,,,,,,
mediaOrch,146588263,infrastructure_75,fProcDoc,1.0,128,True,True,True,0.31711059,60,0.75,28.18627264,0.31711059,,,,,,,,,,
mediaOrch,146588263,infrastructure_75,fPayAppr,0.66,81,True,True,True,0.31711059,58,0.75,19.14339049,0.31711059,,,,,,,,,,
mediaOrch,146588263,infrastructure_75,fNotify,0.66,87,True,True,True,0.31711059,58,0.75,18.54430223,0.31711059,,,,,,,,,,
mediaOrch,146588263,infrastructure_75,fArchive,0.66,81,True,True,True,0.31711059,58,0.75,19.26825691,0.31711059,,,,,,,,,,
mediaOrch,146588263,infrastructure_75,__global__,,,,,True,,,,,,1.5,0.25,1.26844236,25.45276638,1.26844236,199.97528258,0.0,592.556,0.33,1.0
mediaOrch,146588263,infrastructure_80,fDocAnalysis,1.0,94,True,True,True,0.31711059,56,0.75,31.94306307,0.31711059,,,,,,,,,,
mediaOrch,146588263,infrastructure_80,fProcDoc,1.0,124,True,True,True,0.31711059,61,0.75,25.87923862,0.31711059,,,,,,,,,,
mediaOrch,146588263,infrastructure_80,fPayAppr,0.66,89,True,True,True,0.31711059,65,0.75,20.83587479,0.31711059,,,,,,,,,,
mediaOrch,146588263,infrastructure_80,fNotify,0.66,95,True,True,True,0.31711059,65,0.75,19.84952777,0.31711059,,,,,,,,,,
mediaOrch,146588263,infrastructure_80,fArchive,0.66,89,True,True,True,0.31711059,65,0.75,23.74839786,0.31711059,,,,,,,,,,
mediaOrch,146588263,infrastructure_80,__global__,,,,,True,,,,,,1.5,0.25,1.26844236,26.06561659,1.26844236,255.03611414,0.0,598.363,0.33,1.0
mediaOrch,146588263,infrastructure_85,fDocAnalysis,1.0,96,True,True,True,0.31711059,56,0.75,31.57566988,0.31711059,,,,,,,,,,
mediaOrch,146588263,infrastructure_85,fProcDoc,1.0,160,True,True,True,0.31711059,68,0.75,37.78959233,0.31711059,,,,,,,,,,
mediaOrch,146588263,infrastructure_85,fPayAppr,0.66,93,True,True,True,0.31711059,70,0.75,19.61164317,0.31711059,,,,,,,,,,
mediaOrch,146588263,infrastructure_85,fNotify,0.66,99,True,True,True,0.31711059,70,0.75,19.84293249,0.31711059,,,,,,,,,,
mediaOrch,146588263,infrastructure_85,fArchive,0.66,93,True,True,True,0.31711059,70,0.75,21.66638017,0.31711059,,,,,,,,,,
mediaOrch,146588263,infrastructure_85,__global__,,,,,True,,,,,,1.5,0.25,1.26844236,28.3842222,1.26844236,213.74572667,0.0,591.679,0.33,1.0
mediaOrch,146588263,infrastructure_90,fDocAnalysis,1.0,90,True,True,True,0.31711059,57,0.75,33.29499966,0.31711059,,,,,,,,,,
mediaOrch,146588263,infrastructure_90,fProcDoc,1.0,116,True,True,True,0.31711059,66,0.75,9.68,0.31711059,,,,,,,,,,
mediaOrch,146588263,infrastructure_90,fPayAppr,0.66,87,True,True,True,0.31711059,67,0.75,21.8481134,0.31711059,,,,,,,,,,
mediaOrch,146588263,infrastructure_90,fNotify,0.66,93,True,True,True,0.31711059,67,0.75,20.17983851,0.31711059,,,,,,,,,,
mediaOrch,146588263,infrastructure_90,fArchive,0.66,87,True,True,True,0.31711059,67,0.75,22.25028133,0.31711059,,,,,,,,,,
mediaOrch,146588263,infrastructure_90,__global__,,,,,True,,,,,,1.5,0.25,1.26844236,22.46087502,1.26844236,308.52132202,0.0,591.006,0.33,1.0
mediaOrch,146588263,infrastructure_95,fDocAnalysis,1.0,147,True,True,True,0.31711059,64,0.75,33.6999872,0.31711059,,,,,,,,,,
mediaOrch,146588263,infrastructure_95,fProcDoc,1.0,111,True,True,True,0.31711059,70,0.75,34.77361819,0.31711059,,,,,,,,,,
mediaOrch,146588263,infrastructure_95,fPayAppr,0.66,101,True,True,True,0.31711059,80,0.75,20.17983851,0.31711059,,,,,,,,,,
mediaOrch,146588263,infrastructure_95,fNotify,0.66,107,True,True,True,0.31711059,80,0.75,19.72404771,0.31711059,,,,,,,,,,
mediaOrch,146588263,infrastructure_95,fArchive,0.66,101,True,True,True,0.31711059,80,0.75,20.41394082,0.31711059,,,,,,,,,,
mediaOrch,146588263,infrastructure_95,__global__,,,,,True,,,,,,1.5,0.25,1.26844236,28.13194131,1.26844236,308.18570144,0.0,594.974,0.33,1.0
mediaOrch,146588263,infrastructure_100,fDocAnalysis,1.0,104,True,True,True,0.31711059,67,0.75,33.40820852,0.31711059,,,,,,,,,,
mediaOrch,146588263,infrastructure_100,fProcDoc,1.0,74,True,True,True,0.31711059,78,0.75,34.93926895,0.31711059,,,,,,,,,,
mediaOrch,146588263,infrastructure_100,fPayAppr,0.66,100,True,True,True,0.31711059,78,0.75,18.45148037,0.31711059,,,,,,,,,,
mediaOrch,146588263,infrastructure_100,fNotify,0.66,106,True,True,True,0.31711059,78,0.75,20.19509113,0.31711059,,,,,,,,,,
mediaOrch,146588263,infrastructure_100,fArchive,0.66,100,True,True,True,0.31711059,78,0.75,21.19739156,0.31711059,,,,,,,,,,
mediaOrch,146588263,infrastructure_100,__global__,,,,,True,,,,,,1.5,0.25,1.26844236,27.82513157,1.26844236,308.52132202,0.0,599.135,0.33,1.0
mediaOrch,146588263,infrastructure_105,fDocAnalysis,1.0,104,True,True,True,0.31711059,74,0.75,32.90025657,0.31711059,,,,,,,,,,
mediaOrch,146588263,infrastructure_105,fProcDoc,1.0,117,True,True,True,0.31711059,83,0.75,34.93926895,0.31711059,,,,,,,,,,
mediaOrch,146588263,infrastructure_105,fPayAppr,0.66,107,True,True,True,0.31711059,86,0.75,19.16797133,0.31711059,,,,,,,,,,
mediaOrch,146588263,infrastructure_105,fNotify,0.66,113,True,True,True,0.31711059,86,0.75,20.17983851,0.31711059,,,,,,,,,,
mediaOrch,146588263,infrastructure_105,fArchive,0.66,107,True,True,True,0.31711059,86,0.75,20.6366806,0.31711059,,,,,,,,,,
mediaOrch,146588263,infrastructure_105,__global__,,,,,True,,,,,,1.5,0.25,1.26844236,27.80527087,1.26844236,253.09959635,0.0,596.747,0.33,1.0
mediaOrch,146588263,infrastructure_110,fDocAnalysis,1.0,165,True,True,True,0.31711059,73,0.75,32.72778191,0.31711059,,,,,,,,,,
mediaOrch,146588263,infrastructure_110,fProcDoc,1.0,114,True,True,True,0.31711059,83,0.75,36.73153406,0.31711059,,,,,,,,,,
mediaOrch,146588263,infrastructure_110,fPayAppr,0.66,111,True,True,True,0.31711059,88,0.75,20.41936008,0.31711059,,,,,,,,,,
mediaOrch,146588263,infrastructure_110,fNotify,0.66,117,True,True,True,0.31711059,88,0.75,21.73351137,0.31711059,,,,,,,,,,
mediaOrch,146588263,infrastructure_110,fArchive,0.66,111,True,True,True,0.31711059,88,0.75,22.67671569,0.31711059,,,,,,,,,,
mediaOrch,146588263,infrastructure_110,__global__,,,,,True,,,,,,1.5,0.25,1.26844236,28.97227917,1.26844236,292.86561907,0.0,596.747,0.33,1.0
mediaOrch,146588263,infrastructure_115,fDocAnalysis,1.0,114,True,True,True,0.31711059,85,0.75,34.08948022,0.31711059,,,,,,,,,,
mediaOrch,146588263,infrastructure_115,fProcDoc,1.0,156,True,True,True,0.31711059,88,0.75,30.64949953,0.31711059,,,,,,,,,,
mediaOrch,146588263,infrastructure_115,fPayAppr,0.66,120,True,True,True,0.31711059,98,0.75,20.0461149,0.31711059,,,,,,,,,,
mediaOrch,146588263,infrastructure_115,fNotify,0.66,126,True,True,True,0.31711059,98,0.75,21.12629175,0.31711059,,,,,,,,,,
mediaOrch,146588263,infrastructure_115,fArchive,0.66,120,True,True,True,0.31711059,98,0.75,22.04466552,0.31711059,,,,,,,,,,
mediaOrch,146588263,infrastructure_115,__global__,,,,,True,,,,,,1.5,0.25,1.26844236,27.54397509,1.26844236,266.46213953,0.0,593.636,0.33,1.0
mediaOrch,146588263,infrastructure_120,fDocAnalysis,1.0,180,True,True,True,0.31711059,86,0.75,32.37454358,0.31711059,,,,,,,,,,
mediaOrch,146588263,infrastructure_120,fProcDoc,1.0,132,True,True,True,0.31711059,98,0.75,38.79033263,0.31711059,,,,,,,,,,
mediaOrch,146588263,infrastructure_120,fPayAppr,0.66,122,True,True,True,0.31711059,98,0.75,20.53010432,0.31711059,,,,,,,,,,
mediaOrch,146588263,infrastructure_120,fNotify,0.66,128,True,True,True,0.31711059,98,0.75,21.7417306,0.31711059,,,,,,,,,,
mediaOrch,146588263,infrastructure_120,fArchive,0.66,122,True,True,True,0.31711059,98,0.75,21.94039547,0.31711059,,,,,,,,,,
mediaOrch,146588263,infrastructure_120,__global__,,,,,True,,,,,,1.5,0.25,1.26844236,29.33534266,1.26844236,310.34255707,0.0,598.381,0.33,1.0
mediaOrch,146588263,infrastructure_125,fDocAnalysis,1.0,174,True,True,True,0.31711059,80,0.75,30.72973365,0.31711059,,,,,,,,,,
mediaOrch,146588263,infrastructure_125,fProcDoc,1.0,147,True,True,True,0.31711059,109,0.75,39.22328634,0.31711059,,,,,,,,,,
mediaOrch,146588263,infrastructure_125,fPayAppr,0.66,111,True,True,True,0.31711059,90,0.75,20.40356748,0.31711059,,,,,,,,,,
mediaOrch,146588263,infrastructure_125,fNotify,0.66,117,True,True,True,0.31711059,90,0.75,21.83704309,0.31711059,,,,,,,,,,
mediaOrch,146588263,infrastructure_125,fArchive,0.66,111,True,True,True,0.31711059,90,0.75,22.11686525,0.31711059,,,,,,,,,,
mediaOrch,146588263,infrastructure_125,__global__,,,,,True,,,,,,1.5,0.25,1.26844236,29.03471718,1.26844236,284.54297477,0.0,595.468,0.33,1.0
mediaOrch,146588263,infrastructure_130,fDocAnalysis,1.0,124,True,True,True,0.31711059,90,0.75,34.06275792,0.31711059,,,,,,,,,,
mediaOrch,146588263,infrastructure_130,fProcDoc,1.0,90,True,True,True,0.31711059,103,0.75,34.93926895,0.31711059,,,,,,,,,,
mediaOrch,146588263,infrastructure_130,fPayAppr,0.66,128,True,True,True,0.31711059,105,0.75,20.33098176,0.31711059,,,,,,,,,,
mediaOrch,146588263,infrastructure_130,fNotify,0.66,134,True,True,True,0.31711059,105,0.75,21.66085444,0.31711059,,,,,,,,,,
mediaOrch,146588263,infrastructure_130,fArchive,0.66,128,True,True,True,0.31711059,105,0.75,22.27582677,0.31711059,,,,,,,,,,
mediaOrch,146588263,infrastructure_130,__global__,,,,,True,,,,,,1.5,0.25,1.26844236,28.77666908,1.26844236,233.27507146,0.0,597.11,0.33,1.0
mediaOrch,146588263,infrastructure_135,fDocAnalysis,1.0,116,True,True,True,0.31711059,89,0.75,32.33948022,0.31711059,,,,,,,,,,
mediaOrch,146588263,infrastructure_135,fProcDoc,1.0,164,True,True,True,0.31711059,97,0.75,33.86853437,0.31711059,,,,,,,,,,
mediaOrch,146588263,infrastructure_135,fPayAppr,0.66,126,True,True,True,0.31711059,109,0.75,18.26695023,0.31711059,,,,,,,,,,
mediaOrch,146588263,infrastructure_135,fNotify,0.66,132,True,True,True,0.31711059,109,0.75,20.08019557,0.31711059,,,,,,,,,,
mediaOrch,146588263,infrastructure_135,fArchive,0.66,126,True,True,True,0.31711059,109,0.75,20.42206971,0.31711059,,,,,,,,,,
mediaOrch,146588263,infrastructure_135,__global__,,,,,True,,,,,,1.5,0.25,1.26844236,27.13285614,1.26844236,307.25208764,0.0,596.756,0.33,1.0
mediaOrch,146588263,infrastructure_140,fDocAnalysis,1.0,195,True,True,True,0.31711059,86,0.75,32.03485725,0.31711059,,,,,,,,,,
mediaOrch,146588263,infrastructure_140,fProcDoc,1.0,138,True,True,True,0.31711059,101,0.75,38.78556255,0.31711059,,,,,,,,,,
mediaOrch,146588263,infrastructure_140,fPayAppr,0.66,132,True,True,True,0.31711059,110,0.75,20.38197471,0.31711059,,,,,,,,,,
mediaOrch,146588263,infrastructure_140,fNotify,0.66,138,True,True,True,0.31711059,110,0.75,22.09309452,0.31711059,,,,,,,,,,
mediaOrch,146588263,infrastructure_140,fArchive,0.66,132,True,True,True,0.31711059,110,0.75,24.68294478,0.31711059,,,,,,,,,,
mediaOrch,146588263,infrastructure_140,__global__,,,,,True,,,,,,1.5,0.25,1.26844236,29.59893531,1.26844236,299.50042121,0.0,598.998,0.33,1.0
mediaOrch,146588263,infrastructure_145,fDocAnalysis,1.0,204,True,True,True,0.31711059,95,0.75,35.55850761,0.31711059,,,,,,,,,,
mediaOrch,146588263,infrastructure_145,fProcDoc,1.0,129,True,True,True,0.31711059,103,0.75,38.1612911,0.31711059,,,,,,,,,,
mediaOrch,146588263,infrastructure_145,fPayAppr,0.66,140,True,True,True,0.31711059,117,0.75,22.14443838,0.31711059,,,,,,,,,,
mediaOrch,146588263,infrastructure_145,fNotify,0.66,146,True,True,True,0.31711059,117,0.75,22.07987031,0.31711059,,,,,,,,,,
mediaOrch,146588263,infrastructure_145,fArchive,0.66,140,True,True,True,0.31711059,117,0.75,22.91922947,0.31711059,,,,,,,,,,
mediaOrch,146588263,infrastructure_145,__global__,,,,,True,,,,,,1.5,0.25,1.26844236,30.54227851,1.26844236,294.43765832,0.0,595.61,0.33,1.0
mediaOrch,146588263,infrastructure_150,fDocAnalysis,1.0,140,True,True,True,0.31711059,102,0.75,32.03485725,0.31711059,,,,,,,,,,
mediaOrch,146588263,infrastructure_150,fProcDoc,1.0,96,True,True,True,0.31711059,119,0.75,39.73184032,0.31711059,,,,,,,,,,
mediaOrch,146588263,infrastructure_150,fPayAppr,0.66,137,True,True,True,0.31711059,115,0.75,21.01125539,0.31711059,,,,,,,,,,
mediaOrch,146588263,infrastructure_150,fNotify,0.66,143,True,True,True,0.31711059,115,0.75,22.14090357,0.31711059,,,,,,,,,,
mediaOrch,146588263,infrastructure_150,fArchive,0.66,137,True,True,True,0.31711059,115,0.75,22.58255992,0.31711059,,,,,,,,,,
mediaOrch,146588263,infrastructure_150,__global__,,,,,True,,,,,,1.5,0.25,1.26844236,29.73625295,1.26844236,287.45139357,0.0,592.586,0.33,1.0
mediaOrch,146588263,infrastructure_155,fDocAnalysis,1.0,207,True,True,True,0.31711059,105,0.75,32.47973365,0.31711059,,,,,,,,,,
mediaOrch,146588263,infrastructure_155,fProcDoc,1.0,162,True,True,True,0.31711059,125,0.75,37.31169432,0.31711059,,,,,,,,,,
mediaOrch,146588263,infrastructure_155,fPayAppr,0.66,148,True,True,True,0.31711059,125,0.75,19.47239365,0.31711059,,,,,,,,,,
mediaOrch,146588263,infrastructure_155,fNotify,0.66,154,True,True,True,0.31711059,125,0.75,21.95805917,0.31711059,,,,,,,,,,
mediaOrch,146588263,infrastructure_155,fArchive,0.66,148,True,True,True,0.31711059,125,0.75,22.44362186,0.31711059,,,,,,,,,,
mediaOrch,146588263,infrastructure_155,__global__,,,,,True,,,,,,1.5,0.25,1.26844236,28.8174973,1.26844236,294.43765832,0.0,598.285,0.33,1.0
mediaOrch,146588263,infrastructure_160,fDocAnalysis,1.0,228,True,True,True,0.31711059,105,0.75,34.15602174,0.31711059,,,,,,,,,,
mediaOrch,146588263,infrastructure_160,fProcDoc,1.0,165,True,True,True,0.31711059,124,0.75,37.60896133,0.31711059,,,,,,,,,,
mediaOrch,146588263,infrastructure_160,fPayAppr,0.66,148,True,True,True,0.31711059,125,0.75,20.59462787,0.31711059,,,,,,,,,,
mediaOrch,146588263,infrastructure_160,fNotify,0.66,154,True,True,True,0.31711059,125,0.75,22.35681504,0.31711059,,,,,,,,,,
mediaOrch,146588263,infrastructure_160,fArchive,0.66,148,True,True,True,0.31711059,125,0.75,23.00966971,0.31711059,,,,,,,,,,
mediaOrch,146588263,infrastructure_160,__global__,,,,,True,,,,,,1.5,0.25,1.26844236,29.7120451,1.26844236,240.5384864,0.0,596.819,0.33,1.0
mediaOrch,146588263,infrastructure_165,fDocAnalysis,1.0,144,True,True,True,0.31711059,120,0.75,34.53920245,0.31711059,,,,,,,,,,
mediaOrch,146588263,infrastructure_165,fProcDoc,1.0,106,True,True,True,0.31711059,131,0.75,34.93926895,0.31711059,,,,,,,,,,
mediaOrch,146588263,infrastructure_165,fPayAppr,0.66,159,True,True,True,0.31711059,138,0.75,19.74013789,0.31711059,,,,,,,,,,
mediaOrch,146588263,infrastructure_165,fNotify,0.66,165,True,True,True,0.31711059,138,0.75,21.73351137,0.31711059,,,,,,,,,,
mediaOrch,146588263,infrastructure_165,fArchive,0.66,159,True,True,True,0.31711059,138,0.75,21.80171569,0.31711059,,,,,,,,,,
mediaOrch,146588263,infrastructure_165,__global__,,,,,True,,,,,,1.5,0.25,1.26844236,28.69788748,1.26844236,273.76454161,0.0,594.252,0.33,1.0
mediaOrch,146588263,infrastructure_170,fDocAnalysis,1.0,144,True,True,True,0.31711059,115,0.75,34.43859517,0.31711059,,,,,,,,,,
mediaOrch,146588263,infrastructure_170,fProcDoc,1.0,220,True,True,True,0.31711059,143,0.75,38.28678098,0.31711059,,,,,,,,,,
mediaOrch,146588263,infrastructure_170,fPayAppr,0.66,145,True,True,True,0.31711059,126,0.75,20.62963481,0.31711059,,,,,,,,,,
mediaOrch,146588263,infrastructure_170,fNotify,0.66,151,True,True,True,0.31711059,126,0.75,23.29838547,0.31711059,,,,,,,,,,
mediaOrch,146588263,infrastructure_170,fArchive,0.66,145,True,True,True,0.31711059,126,0.75,24.1741669,0.31711059,,,,,,,,,,
mediaOrch,146588263,infrastructure_170,__global__,,,,,True,,,,,,1.5,0.25,1.26844236,30.22415356,1.26844236,294.55161682,0.0,599.46,0.33,1.0
mediaOrch,146588263,infrastructure_175,fDocAnalysis,1.0,156,True,True,True,0.31711059,107,0.75,35.45667795,0.31711059,,,,,,,,,,
mediaOrch,146588263,infrastructure_175,fProcDoc,1.0,236,True,True,True,0.31711059,134,0.75,38.67866705,0.31711059,,,,,,,,,,
mediaOrch,146588263,infrastructure_175,fPayAppr,0.66,153,True,True,True,0.31711059,132,0.75,22.23533264,0.31711059,,,,,,,,,,
mediaOrch,146588263,infrastructure_175,fNotify,0.66,159,True,True,True,0.31711059,132,0.75,23.95990833,0.31711059,,,,,,,,,,
mediaOrch,146588263,infrastructure_175,fArchive,0.66,153,True,True,True,0.31711059,132,0.75,24.1741669,0.31711059,,,,,,,,,,
mediaOrch,146588263,infrastructure_175,__global__,,,,,True,,,,,,1.5,0.25,1.26844236,31.06076058,1.26844236,241.04494609,0.0,599.085,0.33,1.0
mediaOrch,146588263,infrastructure_180,fDocAnalysis,1.0,156,True,True,True,0.31711059,124,0.75,31.68700414,0.31711059,,,,,,,,,,
mediaOrch,146588263,infrastructure_180,fProcDoc,1.0,114,True,True,True,0.31711059,138,0.75,38.67866705,0.31711059,,,,,,,,,,
mediaOrch,146588263,infrastructure_180,fPayAppr,0.66,169,True,True,True,0.31711059,148,0.75,20.71976663,0.31711059,,,,,,,,,,
mediaOrch,146588263,infrastructure_180,fNotify,0.66,175,True,True,True,0.31711059,148,0.75,23.35731944,0.31711059,,,,,,,,,,
mediaOrch,146588263,infrastructure_180,fArchive,0.66,169,True,True,True,0.31711059,148,0.75,23.74839786,0.31711059,,,,,,,,,,
mediaOrch,146588263,infrastructure_180,__global__,,,,,True,,,,,,1.5,0.25,1.26844236,29.61090589,1.26844236,309.703589,0.0,596.462,0.33,1.0
mediaOrch,146588263,infrastructure_185,fDocAnalysis,1.0,160,True,True,True,0.31711059,121,0.75,33.72120471,0.31711059,,,,,,,,,,
mediaOrch,146588263,infrastructure_185,fProcDoc,1.0,220,True,True,True,0.31711059,139,0.75,37.85166934,0.31711059,,,,,,,,,,
mediaOrch,146588263,infrastructure_185,fPayAppr,0.66,166,True,True,True,0.31711059,145,0.75,22.37163446,0.31711059,,,,,,,,,,
mediaOrch,146588263,infrastructure_185,fNotify,0.66,172,True,True,True,0.31711059,145,0.75,25.4447017,0.31711059,,,,,,,,,,
mediaOrch,146588263,infrastructure_185,fArchive,0.66,166,True,True,True,0.31711059,145,0.75,25.8551957,0.31711059,,,,,,,,,,
mediaOrch,146588263,infrastructure_185,__global__,,,,,True,,,,,,1.5,0.25,1.26844236,30.84994607,1.26844236,317.59609019,0.0,598.396,0.33,1.0
mediaOrch,146588263,infrastructure_190,fDocAnalysis,1.0,249,True,True,True,0.31711059,115,0.75,33.41768054,0.31711059,,,,,,,,,,
mediaOrch,146588263,infrastructure_190,fProcDoc,1.0,177,True,True,True,0.31711059,145,0.75,37.63456817,0.31711059,,,,,,,,,,
mediaOrch,146588263,infrastructure_190,fPayAppr,0.66,162,True,True,True,0.31711059,140,0.75,20.57842094,0.31711059,,,,,,,,,,
mediaOrch,146588263,infrastructure_190,fNotify,0.66,168,True,True,True,0.31711059,140,0.75,23.37025799,0.31711059,,,,,,,,,,
mediaOrch,146588263,infrastructure_190,fArchive,0.66,162,True,True,True,0.31711059,140,0.75,23.69169967,0.31711059,,,,,,,,,,
mediaOrch,146588263,infrastructure_190,__global__,,,,,True,,,,,,1.5,0.25,1.26844236,29.74174389,1.26844236,312.22560322,0.0,599.744,0.33,1.0
mediaOrch,146588263,infrastructure_195,fDocAnalysis,1.0,162,True,True,True,0.31711059,131,0.75,32.47973365,0.31711059,,,,,,,,,,
mediaOrch,146588263,infrastructure_195,fProcDoc,1.0,110,True,True,True,0.31711059,149,0.75,36.18095251,0.31711059,,,,,,,,,,
mediaOrch,146588263,infrastructure_195,fPayAppr,0.66,171,True,True,True,0.31711059,152,0.75,21.0300026,0.31711059,,,,,,,,,,
mediaOrch,146588263,infrastructure_195,fNotify,0.66,177,True,True,True,0.31711059,152,0.75,21.99839786,0.31711059,,,,,,,,,,
mediaOrch,146588263,infrastructure_195,fArchive,0.66,171,True,True,True,0.31711059,152,0.75,22.44065606,0.31711059,,,,,,,,,,
mediaOrch,146588263,infrastructure_195,__global__,,,,,True,,,,,,1.5,0.25,1.26844236,28.9288857,1.26844236,316.83892153,0.0,599.631,0.33,1.0
mediaOrch,146588263,infrastructure_200,fDocAnalysis,1.0,174,True,True,True,0.31711059,134,0.75,33.717712,0.31711059,,,,,,,,,,
mediaOrch,146588263,infrastructure_200,fProcDoc,1.0,256,True,True,True,0.31711059,160,0.75,38.72593656,0.31711059,,,,,,,,,,
mediaOrch,146588263,infrastructure_200,fPayAppr,0.66,175,True,True,True,0.31711059,154,0.75,21.21276836,0.31711059,,,,,,,,,,
mediaOrch,146588263,infrastructure_200,fNotify,0.66,181,True,True,True,0.31711059,154,0.75,23.5216051,0.31711059,,,,,,,,,,
mediaOrch,146588263,infrastructure_200,fArchive,0.66,175,True,True,True,0.31711059,154,0.75,24.16156924,0.31711059,,,,,,,,,,
mediaOrch,146588263,infrastructure_200,__global__,,,,,True,,,,,,1.5,0.25,1.26844236,30.32583279,1.26844236,291.77002435,0.0,599.631,0.33,1.0
mediaOrch,146588263,infrastructure_205,fDocAnalysis,1.0,178,True,True,True,0.31711059,151,0.75,32.73315662,0.31711059,,,,,,,,,,
mediaOrch,146588263,infrastructure_205,fProcDoc,1.0,244,True,True,True,0.31711059,162,0.75,40.5994318,0.31711059,,,,,,,,,,
mediaOrch,146588263,infrastructure_205,fPayAppr,0.66,194,True,True,True,0.31711059,171,0.75,21.96516077,0.31711059,,,,,,,,,,
mediaOrch,146588263,infrastructure_205,fNotify,0.66,200,True,True,True,0.31711059,171,0.75,22.68230392,0.31711059,,,,,,,,,,
mediaOrch,146588263,infrastructure_205,fArchive,0.66,194,True,True,True,0.31711059,171,0.75,22.75052325,0.31711059,,,,,,,,,,
mediaOrch,146588263,infrastructure_205,__global__,,,,,True,,,,,,1.5,0.25,1.26844236,30.45487246,1.26844236,251.52458726,0.0,599.631,0.33,1.0
mediaOrch,146588263,infrastructure_210,fDocAnalysis,1.0,174,True,True,True,0.31711059,140,0.75,35.11003954,0.31711059,,,,,,,,,,
mediaOrch,146588263,infrastructure_210,fProcDoc,1.0,171,True,True,True,0.31711059,164,0.75,37.82045648,0.31711059,,,,,,,,,,
mediaOrch,146588263,infrastructure_210,fPayAppr,0.66,180,True,True,True,0.31711059,159,0.75,22.45841654,0.31711059,,,,,,,,,,
mediaOrch,146588263,infrastructure_210,fNotify,0.66,186,True,True,True,0.31711059,159,0.75,24.50198191,0.31711059,,,,,,,,,,
mediaOrch,146588263,infrastructure_210,fArchive,0.66,180,True,True,True,0.31711059,159,0.75,25.05211288,0.31711059,,,,,,,,,,
mediaOrch,146588263,infrastructure_210,__global__,,,,,True,,,,,,1.5,0.25,1.26844236,30.99282176,1.26844236,316.54039022,0.0,598.939,0.33,1.0
mediaOrch,146588263,infrastructure_215,fDocAnalysis,1.0,186,True,True,True,0.31711059,133,0.75,34.06275792,0.31711059,,,,,,,,,,
mediaOrch,146588263,infrastructure_215,fProcDoc,1.0,201,True,True,True,0.31711059,159,0.75,40.5994318,0.31711059,,,,,,,,,,
mediaOrch,146588263,infrastructure_215,fPayAppr,0.66,185,True,True,True,0.31711059,165,0.75,20.42477934,0.31711059,,,,,,,,,,
mediaOrch,146588263,infrastructure_215,fNotify,0.66,191,True,True,True,0.31711059,165,0.75,23.25642137,0.31711059,,,,,,,,,,
mediaOrch,146588263,infrastructure_215,fArchive,0.66,185,True,True,True,0.31711059,165,0.75,23.92923811,0.31711059,,,,,,,,,,
mediaOrch,146588263,infrastructure_215,__global__,,,,,True,,,,,,1.5,0.25,1.26844236,30.62128147,1.26844236,252.70068515,0.0,597.827,0.33,1.0
mediaOrch,146588263,infrastructure_220,fDocAnalysis,1.0,270,True,True,True,0.31711059,139,0.75,32.03485725,0.31711059,,,,,,,,,,
mediaOrch,146588263,infrastructure_220,fProcDoc,1.0,198,True,True,True,0.31711059,172,0.75,37.31169432,0.31711059,,,,,,,,,,
mediaOrch,146588263,infrastructure_220,fPayAppr,0.66,183,True,True,True,0.31711059,164,0.75,21.14376536,0.31711059,,,,,,,,,,
mediaOrch,146588263,infrastructure_220,fNotify,0.66,189,True,True,True,0.31711059,164,0.75,23.19303378,0.31711059,,,,,,,,,,
mediaOrch,146588263,infrastructure_220,fArchive,0.66,183,True,True,True,0.31711059,164,0.75,23.25891161,0.31711059,,,,,,,,,,
mediaOrch,146588263,infrastructure_220,__global__,,,,,True,,,,,,1.5,0.25,1.26844236,29.38040418,1.26844236,313.78388584,0.0,599.674,0.33,1.0
stockOrch,146588263,infrastructure_50,fCheck,1.0,56,True,True,True,20.98417438,34,0.75,32.03485725,20.98417438,,,,,,,,,,
stockOrch,146588263,infrastructure_50,fBuyOrSell,0.66,14,True,True,True,35.57114344,14,0.75,67.039127,35.57114344,,,,,,,,,,
stockOrch,146588263,infrastructure_50,fSell,0.66,17,True,True,True,9.62567923,17,0.75,24.65581241,9.62567923,,,,,,,,,,
stockOrch,146588263,infrastructure_50,fBuy,0.66,27,True,True,True,9.62567923,19,0.75,20.50388885,9.62567923,,,,,,,,,,
stockOrch,146588263,infrastructure_50,fRecord,0.33,68,True,True,True,25.00677809,18,0.75,50.05446445,25.00677809,,,,,,,,,,
stockOrch,146588263,infrastructure_50,__global__,,,,,True,,,,,,1.5,0.25,91.18777514,111.31790619,14.45990841,264.23741579,0.0,599.28,0.66,1.0
stockOrch,146588263,infrastructure_55,fCheck,1.0,60,True,True,True,17.78557172,37,0.75,33.41768054,17.78557172,,,,,,,,,,
stockOrch,146588263,infrastructure_55,fBuyOrSell,0.66,15,True,True,True,29.50677809,15,0.75,68.99146412,29.50677809,,,,,,,,,,
stockOrch,146588263,infrastructure_55,fSell,0.66,23,True,True,True,8.80109929,23,0.75,25.1553423,8.80109929,,,,,,,,,,
stockOrch,146588263,infrastructure_55,fBuy,0.66,38,True,True,True,0.700001,26,0.75,14.24993878,0.700001,,,,,,,,,,
stockOrch,146588263,infrastructure_55,fRecord,0.33,64,True,True,True,34.00998171,16,0.75,54.2047334,34.00998171,,,,,,,,,,
stockOrch,146588263,infrastructure_55,__global__,,,,,True,,,,,,1.5,0.25,86.05288167,108.6187909,27.22089219,267.76148387,0.0,599.135,0.33,1.0
stockOrch,146588263,infrastructure_60,fCheck,1.0,54,True,True,True,16.17452414,41,0.75,31.54499966,16.17452414,,,,,,,,,,
stockOrch,146588263,infrastructure_60,fBuyOrSell,0.66,18,True,True,True,29.50677809,18,0.75,68.61023865,29.50677809,,,,,,,,,,
stockOrch,146588263,infrastructure_60,fSell,0.66,26,True,True,True,8.55714615,26,0.75,21.85169121,8.55714615,,,,,,,,,,
stockOrch,146588263,infrastructure_60,fBuy,0.66,41,True,True,True,0.700001,29,0.75,16.7873395,0.700001,,,,,,,,,,
stockOrch,146588263,infrastructure_60,fRecord,0.33,56,True,True,True,23.51638829,19,0.75,51.12918017,23.51638829,,,,,,,,,,
stockOrch,146588263,infrastructure_60,__global__,,,,,True,,,,,,1.5,0.25,73.82626409,98.02068153,13.39137533,255.03247311,0.0,595.076,0.33,1.0
stockOrch,146588263,infrastructure_65,fCheck,1.0,76,True,True,True,15.5334328,49,0.75,34.46563136,15.5334328,,,,,,,,,,
stockOrch,146588263,infrastructure_65,fBuyOrSell,0.66,19,True,True,True,32.07114344,19,0.75,72.62621031,32.07114344,,,,,,,,,,
stockOrch,146588263,infrastructure_65,fSell,0.66,32,True,True,True,8.59945017,32,0.75,22.2652065,8.59945017,,,,,,,,,,
stockOrch,146588263,infrastructure_65,fBuy,0.66,47,True,True,True,8.59945017,35,0.75,14.04168748,8.59945017,,,,,,,,,,
stockOrch,146588263,infrastructure_65,fRecord,0.33,88,True,True,True,6.76,23,0.75,49.28906196,6.76,,,,,,,,,,
stockOrch,146588263,infrastructure_65,__global__,,,,,True,,,,,,1.5,0.25,62.96402641,90.85660746,9.43422118,275.97770263,0.0,594.974,0.66,1.0
stockOrch,146588263,infrastructure_70,fCheck,1.0,88,True,True,True,16.17452414,54,0.75,38.11146489,16.17452414,,,,,,,,,,
stockOrch,146588263,infrastructure_70,fBuyOrSell,0.66,22,True,True,True,29.50677809,22,0.75,75.26010393,29.50677809,,,,,,,,,,
stockOrch,146588263,infrastructure_70,fSell,0.66,22,True,True,True,9.53247247,22,0.75,19.49458,9.53247247,,,,,,,,,,
stockOrch,146588263,infrastructure_70,fBuy,0.66,37,True,True,True,0.700001,25,0.75,13.37801324,0.700001,,,,,,,,,,
stockOrch,146588263,infrastructure_70,fRecord,0.33,88,True,True,True,34.00998171,22,0.75,54.1639913,34.00998171,,,,,,,,,,
stockOrch,146588263,infrastructure_70,__global__,,,,,True,,,,,,1.5,0.25,84.80752067,109.59860469,33.08901623,246.41791488,0.0,582.875,0.33,1.0
stockOrch,146588263,infrastructure_75,fCheck,1.0,88,True,True,True,17.78557172,48,0.75,37.52621041,17.78557172,,,,,,,,,,
stockOrch,146588263,infrastructure_75,fBuyOrSell,0.66,22,True,True,True,29.50677809,22,0.75,74.78117492,29.50677809,,,,,,,,,,
stockOrch,146588263,infrastructure_75,fSell,0.66,27,True,True,True,8.55714615,27,0.75,20.68901573,8.55714615,,,,,,,,,,
stockOrch,146588263,infrastructure_75,fBuy,0.66,42,True,True,True,0.700001,30,0.75,14.83806564,0.700001,,,,,,,,,,
stockOrch,146588263,infrastructure_75,fRecord,0.33,92,True,True,True,32.07614134,23,0.75,50.22121925,32.07614134,,,,,,,,,,
stockOrch,146588263,infrastructure_75,__global__,,,,,True,,,,,,1.5,0.25,83.99706473,108.07083486,26.97693905,252.02658999,0.0,592.556,0.33,1.0
stockOrch,146588263,infrastructure_80,fCheck,1.0,50,True,True,True,16.17452414,55,0.75,39.60906425,16.17452414,,,,,,,,,,
stockOrch,146588263,infrastructure_80,fBuyOrSell,0.66,25,True,True,True,29.50677809,25,0.75,79.21812849,29.50677809,,,,,,,,,,
stockOrch,146588263,infrastructure_80,fSell,0.66,30,True,True,True,8.55714615,30,0.75,19.21939361,8.55714615,,,,,,,,,,
stockOrch,146588263,infrastructure_80,fBuy,0.66,45,True,True,True,0.700001,33,0.75,13.37801324,0.700001,,,,,,,,,,
stockOrch,146588263,infrastructure_80,fRecord,0.33,52,True,True,True,33.29499966,26,0.75,51.118174,33.29499966,,,,,,,,,,
stockOrch,146588263,infrastructure_80,__global__,,,,,True,,,,,,1.5,0.25,83.60487547,109.26467414,32.24353771,302.25898007,0.0,598.363,0.66,1.0
stockOrch,146588263,infrastructure_85,fCheck,1.0,78,True,True,True,15.5334328,60,0.75,32.03485725,15.5334328,,,,,,,,,,
stockOrch,146588263,infrastructure_85,fBuyOrSell,0.66,26,True,True,True,37.28023873,26,0.75,73.58149006,37.28023873,,,,,,,,,,
stockOrch,146588263,infrastructure_85,fSell,0.66,37,True,True,True,8.55714615,37,0.75,21.06997658,8.55714615,,,,,,,,,,
stockOrch,146588263,infrastructure_85,fBuy,0.66,52,True,True,True,0.700001,40,0.75,19.78366135,0.700001,,,,,,,,,,
stockOrch,146588263,infrastructure_85,fRecord,0.33,81,True,True,True,28.90354618,27,0.75,52.65622999,28.90354618,,,,,,,,,,
stockOrch,146588263,infrastructure_85,__global__,,,,,True,,,,,,1.5,0.25,86.34579129,109.43419253,37.59535874,262.74328074,0.0,591.679,0.33,1.0
stockOrch,146588263,infrastructure_90,fCheck,1.0,66,True,True,True,16.03557172,56,0.75,36.18581318,16.03557172,,,,,,,,,,
stockOrch,146588263,infrastructure_90,fBuyOrSell,0.66,22,True,True,True,29.50677809,22,0.75,72.63510393,29.50677809,,,,,,,,,,
stockOrch,146588263,infrastructure_90,fSell,0.66,26,True,True,True,8.55714615,26,0.75,26.7263629,8.55714615,,,,,,,,,,
stockOrch,146588263,infrastructure_90,fBuy,0.66,36,True,True,True,0.700001,28,0.75,15.25383462,0.700001,,,,,,,,,,
stockOrch,146588263,infrastructure_90,fRecord,0.33,77,True,True,True,23.51638829,26,0.75,56.73970904,23.51638829,,,,,,,,,,
stockOrch,146588263,infrastructure_90,__global__,,,,,True,,,,,,1.5,0.25,73.68731167,101.90316498,13.39137533,339.6570235,0.0,591.006,0.33,1.0
stockOrch,146588263,infrastructure_95,fCheck,1.0,52,True,True,True,17.12475996,69,0.75,35.45667795,17.12475996,,,,,,,,,,
stockOrch,146588263,infrastructure_95,fBuyOrSell,0.66,26,True,True,True,33.00677809,26,0.75,72.14323872,33.00677809,,,,,,,,,,
stockOrch,146588263,infrastructure_95,fSell,0.66,38,True,True,True,8.32631233,38,0.75,23.74543239,8.32631233,,,,,,,,,,
stockOrch,146588263,infrastructure_95,fBuy,0.66,53,True,True,True,0.700001,41,0.75,17.3868091,0.700001,,,,,,,,,,
stockOrch,146588263,infrastructure_95,fRecord,0.33,58,True,True,True,23.51638829,29,0.75,54.31236828,23.51638829,,,,,,,,,,
stockOrch,146588263,infrastructure_95,__global__,,,,,True,,,,,,1.5,0.25,78.161083,104.24041368,9.43422118,310.19125106,0.0,594.974,0.33,1.0
stockOrch,146588263,infrastructure_100,fCheck,1.0,58,True,True,True,15.5334328,67,0.75,37.20667795,15.5334328,,,,,,,,,,
stockOrch,146588263,infrastructure_100,fBuyOrSell,0.66,29,True,True,True,32.07114344,29,0.75,74.47086812,32.07114344,,,,,,,,,,
stockOrch,146588263,infrastructure_100,fSell,0.66,39,True,True,True,8.32631233,39,0.75,18.36756571,8.32631233,,,,,,,,,,
stockOrch,146588263,infrastructure_100,fBuy,0.66,54,True,True,True,8.32631233,42,0.75,15.99680084,8.32631233,,,,,,,,,,
stockOrch,146588263,infrastructure_100,fRecord,0.33,60,True,True,True,26.75743743,30,0.75,56.58540925,26.75743743,,,,,,,,,,
stockOrch,146588263,infrastructure_100,__global__,,,,,True,,,,,,1.5,0.25,82.688326,108.37752915,34.01611432,287.37449218,0.0,599.135,0.33,1.0
stockOrch,146588263,infrastructure_105,fCheck,1.0,116,True,True,True,17.78557172,75,0.75,35.45667795,17.78557172,,,,,,,,,,
stockOrch,146588263,infrastructure_105,fBuyOrSell,0.66,29,True,True,True,29.50677809,29,0.75,72.72292978,29.50677809,,,,,,,,,,
stockOrch,146588263,infrastructure_105,fSell,0.66,47,True,True,True,8.32631233,47,0.75,21.5461369,8.32631233,,,,,,,,,,
stockOrch,146588263,infrastructure_105,fBuy,0.66,62,True,True,True,0.700001,50,0.75,17.2369417,0.700001,,,,,,,,,,
stockOrch,146588263,infrastructure_105,fRecord,0.33,124,True,True,True,34.00998171,31,0.75,56.35614266,34.00998171,,,,,,,,,,
stockOrch,146588263,infrastructure_105,__global__,,,,,True,,,,,,1.5,0.25,85.81548818,110.34343856,26.74610523,304.12747562,0.0,596.747,0.33,1.0
stockOrch,146588263,infrastructure_110,fCheck,1.0,128,True,True,True,17.12475996,77,0.75,34.79327612,17.12475996,,,,,,,,,,
stockOrch,146588263,infrastructure_110,fBuyOrSell,0.66,32,True,True,True,32.07114344,32,0.75,71.35184273,32.07114344,,,,,,,,,,
stockOrch,146588263,infrastructure_110,fSell,0.66,44,True,True,True,8.29558335,44,0.75,22.36988903,8.29558335,,,,,,,,,,
stockOrch,146588263,infrastructure_110,fBuy,0.66,59,True,True,True,8.29558335,47,0.75,17.42822179,8.29558335,,,,,,,,,,
stockOrch,146588263,infrastructure_110,fRecord,0.33,138,True,True,True,23.51638829,35,0.75,54.31236828,23.51638829,,,,,,,,,,
stockOrch,146588263,infrastructure_110,__global__,,,,,True,,,,,,1.5,0.25,81.00787504,105.84504191,13.12981253,337.36169239,0.0,596.747,0.33,1.0
stockOrch,146588263,infrastructure_115,fCheck,1.0,66,True,True,True,16.17452414,86,0.75,37.23594001,16.17452414,,,,,,,,,,
stockOrch,146588263,infrastructure_115,fBuyOrSell,0.66,33,True,True,True,38.81885794,33,0.75,74.47188002,38.81885794,,,,,,,,,,
stockOrch,146588263,infrastructure_115,fSell,0.66,53,True,True,True,8.29558335,53,0.75,15.32474977,8.29558335,,,,,,,,,,
stockOrch,146588263,infrastructure_115,fBuy,0.66,68,True,True,True,8.29558335,56,0.75,13.093936,8.29558335,,,,,,,,,,
stockOrch,146588263,infrastructure_115,fRecord,0.33,72,True,True,True,22.66753283,36,0.75,51.64439531,22.66753283,,,,,,,,,,
stockOrch,146588263,infrastructure_115,__global__,,,,,True,,,,,,1.5,0.25,85.95649826,108.85776325,13.12981253,286.75629666,0.0,593.636,0.33,1.0
stockOrch,146588263,infrastructure_120,fCheck,1.0,108,True,True,True,16.29858981,86,0.75,35.55850761,16.29858981,,,,,,,,,,
stockOrch,146588263,infrastructure_120,fBuyOrSell,0.66,36,True,True,True,29.50677809,36,0.75,72.28203264,29.50677809,,,,,,,,,,
stockOrch,146588263,infrastructure_120,fSell,0.66,58,True,True,True,8.29558335,58,0.75,20.97949788,8.29558335,,,,,,,,,,
stockOrch,146588263,infrastructure_120,fBuy,0.66,73,True,True,True,0.700001,61,0.75,17.68562224,0.700001,,,,,,,,,,
stockOrch,146588263,infrastructure_120,fRecord,0.33,117,True,True,True,27.70110039,39,0.75,55.90032877,27.70110039,,,,,,,,,,
stockOrch,146588263,infrastructure_120,__global__,,,,,True,,,,,,1.5,0.25,78.00426047,104.27155262,26.71537625,357.48667053,0.0,598.381,0.66,1.0
stockOrch,146588263,infrastructure_125,fCheck,1.0,68,True,True,True,15.5334328,78,0.75,31.479578,15.5334328,,,,,,,,,,
stockOrch,146588263,infrastructure_125,fBuyOrSell,0.66,34,True,True,True,32.56740612,34,0.75,70.68164412,32.56740612,,,,,,,,,,
stockOrch,146588263,infrastructure_125,fSell,0.66,56,True,True,True,8.29558335,56,0.75,21.10340912,8.29558335,,,,,,,,,,
stockOrch,146588263,infrastructure_125,fBuy,0.66,71,True,True,True,8.29558335,59,0.75,20.42927779,8.29558335,,,,,,,,,,
stockOrch,146588263,infrastructure_125,fRecord,0.33,76,True,True,True,26.75743743,38,0.75,54.31236828,26.75743743,,,,,,,,,,
stockOrch,146588263,infrastructure_125,__global__,,,,,True,,,,,,1.5,0.25,83.1538597,106.67537824,13.12981253,325.66681037,0.0,595.468,0.33,1.0
stockOrch,146588263,infrastructure_130,fCheck,1.0,114,True,True,True,15.5334328,93,0.75,37.8391184,15.5334328,,,,,,,,,,
stockOrch,146588263,infrastructure_130,fBuyOrSell,0.66,38,True,True,True,32.07114344,38,0.75,75.71100291,32.07114344,,,,,,,,,,
stockOrch,146588263,infrastructure_130,fSell,0.66,60,True,True,True,8.29558335,60,0.75,19.43247184,8.29558335,,,,,,,,,,
stockOrch,146588263,infrastructure_130,fBuy,0.66,75,True,True,True,8.29558335,63,0.75,17.18773263,8.29558335,,,,,,,,,,
stockOrch,146588263,infrastructure_130,fRecord,0.33,123,True,True,True,26.75743743,41,0.75,56.35614266,26.75743743,,,,,,,,,,
stockOrch,146588263,infrastructure_130,__global__,,,,,True,,,,,,1.5,0.25,82.65759702,109.04728932,33.98538534,289.00104483,0.0,597.11,0.33,1.0
stockOrch,146588263,infrastructure_135,fCheck,1.0,132,True,True,True,16.03557172,96,0.75,35.77621041,16.03557172,,,,,,,,,,
stockOrch,146588263,infrastructure_135,fBuyOrSell,0.66,33,True,True,True,29.50677809,33,0.75,71.55242082,29.50677809,,,,,,,,,,
stockOrch,146588263,infrastructure_135,fSell,0.66,52,True,True,True,8.32631233,52,0.75,17.40751545,8.32631233,,,,,,,,,,
stockOrch,146588263,infrastructure_135,fBuy,0.66,67,True,True,True,0.700001,55,0.75,16.58894088,0.700001,,,,,,,,,,
stockOrch,146588263,infrastructure_135,fRecord,0.33,148,True,True,True,33.29499966,38,0.75,53.8059581,33.29499966,,,,,,,,,,
stockOrch,146588263,infrastructure_135,__global__,,,,,True,,,,,,1.5,0.25,83.35050614,107.04608398,9.43422118,350.37163343,0.0,596.756,0.33,1.0
stockOrch,146588263,infrastructure_140,fCheck,1.0,160,True,True,True,16.28370306,97,0.75,35.55850761,16.28370306,,,,,,,,,,
stockOrch,146588263,infrastructure_140,fBuyOrSell,0.66,40,True,True,True,32.07114344,40,0.75,72.50272533,32.07114344,,,,,,,,,,
stockOrch,146588263,infrastructure_140,fSell,0.66,52,True,True,True,8.29558335,52,0.75,21.42339181,8.29558335,,,,,,,,,,
stockOrch,146588263,infrastructure_140,fBuy,0.66,67,True,True,True,8.29558335,55,0.75,19.88106848,8.29558335,,,,,,,,,,
stockOrch,146588263,infrastructure_140,fRecord,0.33,174,True,True,True,16.50338905,44,0.75,56.41413913,16.50338905,,,,,,,,,,
stockOrch,146588263,infrastructure_140,__global__,,,,,True,,,,,,1.5,0.25,73.1538189,101.14726473,13.12981253,336.23772058,0.0,598.998,0.33,1.0
stockOrch,146588263,infrastructure_145,fCheck,1.0,129,True,True,True,16.28370306,104,0.75,36.36146489,16.28370306,,,,,,,,,,
stockOrch,146588263,infrastructure_145,fBuyOrSell,0.66,43,True,True,True,32.07114344,43,0.75,74.98311071,32.07114344,,,,,,,,,,
stockOrch,146588263,infrastructure_145,fSell,0.66,56,True,True,True,8.46040774,56,0.75,24.89972415,8.46040774,,,,,,,,,,
stockOrch,146588263,infrastructure_145,fBuy,0.66,71,True,True,True,8.46040774,59,0.75,18.41450637,8.46040774,,,,,,,,,,
stockOrch,146588263,infrastructure_145,fRecord,0.33,138,True,True,True,16.50338905,46,0.75,56.6973213,16.50338905,,,,,,,,,,
stockOrch,146588263,infrastructure_145,__global__,,,,,True,,,,,,1.5,0.25,73.31864329,102.41373551,25.59801797,337.64658865,0.0,595.61,0.33,1.0
stockOrch,146588263,infrastructure_150,fCheck,1.0,135,True,True,True,16.03557172,102,0.75,34.06275792,16.03557172,,,,,,,,,,
stockOrch,146588263,infrastructure_150,fBuyOrSell,0.66,45,True,True,True,29.50677809,45,0.75,68.87162637,29.50677809,,,,,,,,,,
stockOrch,146588263,infrastructure_150,fSell,0.66,65,True,True,True,8.29558335,65,0.75,21.06997658,8.29558335,,,,,,,,,,
stockOrch,146588263,infrastructure_150,fBuy,0.66,80,True,True,True,0.700001,68,0.75,19.86592016,0.700001,,,,,,,,,,
stockOrch,146588263,infrastructure_150,fRecord,0.33,140,True,True,True,32.07614134,47,0.75,53.22305925,32.07614134,,,,,,,,,,
stockOrch,146588263,infrastructure_150,__global__,,,,,True,,,,,,1.5,0.25,82.11628333,105.74356047,13.12981253,298.32634052,0.0,592.586,0.33,1.0
stockOrch,146588263,infrastructure_155,fCheck,1.0,129,True,True,True,16.17452414,111,0.75,34.46563136,16.17452414,,,,,,,,,,
stockOrch,146588263,infrastructure_155,fBuyOrSell,0.66,43,True,True,True,29.50677809,43,0.75,73.81200605,29.50677809,,,,,,,,,,
stockOrch,146588263,infrastructure_155,fSell,0.66,75,True,True,True,8.29558335,75,0.75,20.96439411,8.29558335,,,,,,,,,,
stockOrch,146588263,infrastructure_155,fBuy,0.66,90,True,True,True,0.700001,78,0.75,19.16846193,0.700001,,,,,,,,,,
stockOrch,146588263,infrastructure_155,fRecord,0.33,149,True,True,True,27.70110039,50,0.75,56.73970904,27.70110039,,,,,,,,,,
stockOrch,146588263,infrastructure_155,__global__,,,,,True,,,,,,1.5,0.25,77.88019479,104.68108971,6.03423118,337.64658865,0.0,598.285,0.33,1.0
stockOrch,146588263,infrastructure_160,fCheck,1.0,150,True,True,True,16.29858981,111,0.75,35.25840125,16.29858981,,,,,,,,,,
stockOrch,146588263,infrastructure_160,fBuyOrSell,0.66,50,True,True,True,32.07114344,50,0.75,72.14323872,32.07114344,,,,,,,,,,
stockOrch,146588263,infrastructure_160,fSell,0.66,69,True,True,True,8.32631233,69,0.75,20.7080618,8.32631233,,,,,,,,,,
stockOrch,146588263,infrastructure_160,fBuy,0.66,84,True,True,True,8.32631233,72,0.75,18.40773577,8.32631233,,,,,,,,,,
stockOrch,146588263,infrastructure_160,fRecord,0.33,150,True,True,True,16.50338905,50,0.75,54.1639913,16.50338905,,,,,,,,,,
stockOrch,146588263,infrastructure_160,__global__,,,,,True,,,,,,1.5,0.25,73.19943463,100.18045849,25.46392256,274.69830411,0.0,596.819,0.33,1.0
stockOrch,146588263,infrastructure_165,fCheck,1.0,92,True,True,True,16.29858981,124,0.75,38.27036362,16.29858981,,,,,,,,,,
stockOrch,146588263,infrastructure_165,fBuyOrSell,0.66,46,True,True,True,34.24951991,46,0.75,76.3878764,34.24951991,,,,,,,,,,
stockOrch,146588263,infrastructure_165,fSell,0.66,84,True,True,True,8.36623361,84,0.75,17.52363142,8.36623361,,,,,,,,,,
stockOrch,146588263,infrastructure_165,fBuy,0.66,99,True,True,True,8.36623361,87,0.75,16.34839142,8.36623361,,,,,,,,,,
stockOrch,146588263,infrastructure_165,fRecord,0.33,100,True,True,True,25.00677809,50,0.75,55.4010593,25.00677809,,,,,,,,,,
stockOrch,146588263,infrastructure_165,__global__,,,,,True,,,,,,1.5,0.25,83.92112142,109.68966875,34.00723288,319.96449136,0.0,594.252,0.33,1.0
stockOrch,146588263,infrastructure_170,fCheck,1.0,138,True,True,True,16.17452414,112,0.75,37.96466192,16.17452414,,,,,,,,,,
stockOrch,146588263,infrastructure_170,fBuyOrSell,0.66,46,True,True,True,29.50677809,46,0.75,75.87747412,29.50677809,,,,,,,,,,
stockOrch,146588263,infrastructure_170,fSell,0.66,79,True,True,True,8.29558335,79,0.75,20.22510484,8.29558335,,,,,,,,,,
stockOrch,146588263,infrastructure_170,fBuy,0.66,94,True,True,True,0.700001,82,0.75,18.73361445,0.700001,,,,,,,,,,
stockOrch,146588263,infrastructure_170,fRecord,0.33,152,True,True,True,34.81587644,51,0.75,55.44678126,34.81587644,,,,,,,,,,
stockOrch,146588263,infrastructure_170,__global__,,,,,True,,,,,,1.5,0.25,84.99497084,110.93829737,13.12981253,339.88043941,0.0,599.46,0.33,1.0
stockOrch,146588263,infrastructure_175,fCheck,1.0,156,True,True,True,15.5334328,118,0.75,35.92252403,15.5334328,,,,,,,,,,
stockOrch,146588263,infrastructure_175,fBuyOrSell,0.66,52,True,True,True,32.56740612,52,0.75,75.1521578,32.56740612,,,,,,,,,,
stockOrch,146588263,infrastructure_175,fSell,0.66,71,True,True,True,8.30621704,71,0.75,24.90551725,8.30621704,,,,,,,,,,
stockOrch,146588263,infrastructure_175,fBuy,0.66,86,True,True,True,8.30621704,74,0.75,21.40296626,8.30621704,,,,,,,,,,
stockOrch,146588263,infrastructure_175,fRecord,0.33,159,True,True,True,18.87475996,53,0.75,56.35614266,18.87475996,,,,,,,,,,
stockOrch,146588263,infrastructure_175,__global__,,,,,True,,,,,,1.5,0.25,75.28181592,104.1076285,27.81519818,281.6980107,0.0,599.085,0.33,1.0
stockOrch,146588263,infrastructure_180,fCheck,1.0,153,True,True,True,16.03557172,133,0.75,38.11146489,16.03557172,,,,,,,,,,
stockOrch,146588263,infrastructure_180,fBuyOrSell,0.66,51,True,True,True,29.50677809,51,0.75,75.5925826,29.50677809,,,,,,,,,,
stockOrch,146588263,infrastructure_180,fSell,0.66,85,True,True,True,8.46040774,85,0.75,20.71976663,8.46040774,,,,,,,,,,
stockOrch,146588263,infrastructure_180,fBuy,0.66,100,True,True,True,0.700001,88,0.75,19.36979582,0.700001,,,,,,,,,,
stockOrch,146588263,infrastructure_180,fRecord,0.33,165,True,True,True,27.70110039,55,0.75,55.09125195,27.70110039,,,,,,,,,,
stockOrch,146588263,infrastructure_180,__global__,,,,,True,,,,,,1.5,0.25,77.82365457,105.57776109,31.26940826,320.3797874,0.0,596.462,0.33,1.0
stockOrch,146588263,infrastructure_185,fCheck,1.0,159,True,True,True,15.5334328,130,0.75,35.26061046,15.5334328,,,,,,,,,,
stockOrch,146588263,infrastructure_185,fBuyOrSell,0.66,53,True,True,True,32.07114344,53,0.75,74.47086812,32.07114344,,,,,,,,,,
stockOrch,146588263,infrastructure_185,fSell,0.66,78,True,True,True,8.32631233,78,0.75,22.37163446,8.32631233,,,,,,,,,,
stockOrch,146588263,infrastructure_185,fBuy,0.66,93,True,True,True,8.32631233,81,0.75,20.42477934,8.32631233,,,,,,,,,,
stockOrch,146588263,infrastructure_185,fRecord,0.33,168,True,True,True,25.44328603,56,0.75,53.69010742,25.44328603,,,,,,,,,,
stockOrch,146588263,infrastructure_185,__global__,,,,,True,,,,,,1.5,0.25,81.3741746,107.23557917,34.01611432,362.12720261,0.0,598.396,0.33,1.0
stockOrch,146588263,infrastructure_190,fCheck,1.0,224,True,True,True,15.5334328,125,0.75,36.08425812,15.5334328,,,,,,,,,,
stockOrch,146588263,infrastructure_190,fBuyOrSell,0.66,56,True,True,True,32.07114344,56,0.75,72.16851624,32.07114344,,,,,,,,,,
stockOrch,146588263,infrastructure_190,fSell,0.66,74,True,True,True,8.30621704,74,0.75,19.06186389,8.30621704,,,,,,,,,,
stockOrch,146588263,infrastructure_190,fBuy,0.66,89,True,True,True,8.30621704,77,0.75,17.50428631,8.30621704,,,,,,,,,,
stockOrch,146588263,infrastructure_190,fRecord,0.33,236,True,True,True,23.74839786,59,0.75,53.8059581,23.74839786,,,,,,,,,,
stockOrch,146588263,infrastructure_190,__global__,,,,,True,,,,,,1.5,0.25,79.65919114,104.82984525,32.68883608,358.32875489,0.0,599.744,0.33,1.0
stockOrch,146588263,infrastructure_195,fCheck,1.0,108,True,True,True,15.5334328,137,0.75,34.26018024,15.5334328,,,,,,,,,,
stockOrch,146588263,infrastructure_195,fBuyOrSell,0.66,54,True,True,True,32.56740612,54,0.75,70.81532216,32.56740612,,,,,,,,,,
stockOrch,146588263,infrastructure_195,fSell,0.66,85,True,True,True,8.46040774,85,0.75,18.32503198,8.46040774,,,,,,,,,,
stockOrch,146588263,infrastructure_195,fBuy,0.66,100,True,True,True,8.46040774,88,0.75,16.96375142,8.46040774,,,,,,,,,,
stockOrch,146588263,infrastructure_195,fRecord,0.33,116,True,True,True,17.78557172,58,0.75,53.53153163,17.78557172,,,,,,,,,,
stockOrch,146588263,infrastructure_195,__global__,,,,,True,,,,,,1.5,0.25,74.34681838,99.82297022,26.88020064,360.52012426,0.0,599.631,0.33,1.0
stockOrch,146588263,infrastructure_200,fCheck,1.0,118,True,True,True,16.03557172,138,0.75,35.06020878,16.03557172,,,,,,,,,,
stockOrch,146588263,infrastructure_200,fBuyOrSell,0.66,59,True,True,True,29.50677809,59,0.75,71.26215042,29.50677809,,,,,,,,,,
stockOrch,146588263,infrastructure_200,fSell,0.66,92,True,True,True,8.29558335,92,0.75,21.65383778,8.29558335,,,,,,,,,,
stockOrch,146588263,infrastructure_200,fBuy,0.66,107,True,True,True,0.700001,95,0.75,20.32712103,0.700001,,,,,,,,,,
stockOrch,146588263,infrastructure_200,fRecord,0.33,124,True,True,True,23.51638829,62,0.75,53.8059581,23.51638829,,,,,,,,,,
stockOrch,146588263,infrastructure_200,__global__,,,,,True,,,,,,1.5,0.25,73.55653028,100.44709688,13.12981253,339.23612334,0.0,599.631,0.33,1.0
stockOrch,146588263,infrastructure_205,fCheck,1.0,244,True,True,True,16.17452414,155,0.75,35.45667795,16.17452414,,,,,,,,,,
stockOrch,146588263,infrastructure_205,fBuyOrSell,0.66,61,True,True,True,29.50677809,61,0.75,74.44445345,29.50677809,,,,,,,,,,
stockOrch,146588263,infrastructure_205,fSell,0.66,106,True,True,True,8.29558335,106,0.75,19.97816602,8.29558335,,,,,,,,,,
stockOrch,146588263,infrastructure_205,fBuy,0.66,121,True,True,True,0.700001,109,0.75,17.18232359,0.700001,,,,,,,,,,
stockOrch,146588263,infrastructure_205,fRecord,0.33,264,True,True,True,28.90354618,66,0.75,56.35614266,28.90354618,,,,,,,,,,
stockOrch,146588263,infrastructure_205,__global__,,,,,True,,,,,,1.5,0.25,79.08264058,105.52136015,13.12981253,303.02139685,0.0,599.631,0.33,1.0
stockOrch,146588263,infrastructure_210,fCheck,1.0,118,True,True,True,16.17452414,143,0.75,37.00215947,16.17452414,,,,,,,,,,
stockOrch,146588263,infrastructure_210,fBuyOrSell,0.66,59,True,True,True,36.06740612,59,0.75,74.24837726,36.06740612,,,,,,,,,,
stockOrch,146588263,infrastructure_210,fSell,0.66,91,True,True,True,8.29558335,91,0.75,20.3900643,8.29558335,,,,,,,,,,
stockOrch,146588263,infrastructure_210,fBuy,0.66,106,True,True,True,8.29558335,94,0.75,18.48903464,8.29558335,,,,,,,,,,
stockOrch,146588263,infrastructure_210,fRecord,0.33,130,True,True,True,18.87475996,65,0.75,54.1639913,18.87475996,,,,,,,,,,
stockOrch,146588263,infrastructure_210,__global__,,,,,True,,,,,,1.5,0.25,79.41227357,105.77272455,13.12981253,364.02012426,0.0,598.939,0.33,1.0
stockOrch,146588263,infrastructure_215,fCheck,1.0,260,True,True,True,15.5334328,149,0.75,35.26061046,15.5334328,,,,,,,,,,
stockOrch,146588263,infrastructure_215,fBuyOrSell,0.66,65,True,True,True,35.57114344,65,0.75,72.72292978,35.57114344,,,,,,,,,,
stockOrch,146588263,infrastructure_215,fSell,0.66,87,True,True,True,8.36623361,87,0.75,20.50974126,8.36623361,,,,,,,,,,
stockOrch,146588263,infrastructure_215,fBuy,0.66,102,True,True,True,8.36623361,90,0.75,19.02150466,8.36623361,,,,,,,,,,
stockOrch,146588263,infrastructure_215,fRecord,0.33,262,True,True,True,24.4766172,66,0.75,55.09470385,24.4766172,,,,,,,,,,
stockOrch,146588263,infrastructure_215,__global__,,,,,True,,,,,,1.5,0.25,83.94742705,108.67153705,13.20046279,282.06022727,0.0,597.827,0.33,1.0
stockOrch,146588263,infrastructure_220,fCheck,1.0,124,True,True,True,15.5334328,148,0.75,35.45667795,15.5334328,,,,,,,,,,
stockOrch,146588263,infrastructure_220,fBuyOrSell,0.66,62,True,True,True,37.28023873,62,0.75,70.46284239,37.28023873,,,,,,,,,,
stockOrch,146588263,infrastructure_220,fSell,0.66,94,True,True,True,8.29558335,94,0.75,20.20972049,8.29558335,,,,,,,,,,
stockOrch,146588263,infrastructure_220,fBuy,0.66,109,True,True,True,0.700001,97,0.75,18.65584716,0.700001,,,,,,,,,,
stockOrch,146588263,infrastructure_220,fRecord,0.33,132,True,True,True,34.81587644,66,0.75,50.90461636,34.81587644,,,,,,,,,,
stockOrch,146588263,infrastructure_220,__global__,,,,,True,,,,,,1.5,0.25,92.12734014,113.15973524,13.12981253,362.55158313,0.0,599.674,0.33,1.0
