application,dataset_seed,infrastructure,infra_size,task,security_threshold,original_considered,non_cloud_candidates,filtered_by_sw,filtered_by_service,cloud_filtered_by_service,filtered_by_security,total_candidates,cloud_candidates,filtered_by_hw
arOrch,146588263,infrastructure_50,50,fLogin,1.0,50,116,17,3,6,0,116,,
arOrch,146588263,infrastructure_50,50,fCrop,0.66,50,8,42,,,0,20,12,
arOrch,146588263,infrastructure_50,50,fGeo,0.66,50,153,17,1,3,0,203,50,
arOrch,146588263,infrastructure_50,50,fDCC,1.0,50,33,17,,,0,69,36,
arOrch,146588263,infrastructure_50,50,fCheckDCC,1.0,50,56,17,,3,0,72,16,19
arOrch,146588263,infrastructure_50,50,fRules,1.0,50,64,13,3,6,0,64,,18
arOrch,146588263,infrastructure_50,50,fAR,1.0,50,8,42,,,0,20,12,
arOrch,146588263,infrastructure_55,55,fLogin,1.0,55,114,14,3,6,0,114,,
arOrch,146588263,infrastructure_55,55,fCrop,0.66,55,10,45,,,0,22,12,
arOrch,146588263,infrastructure_55,55,fGeo,0.66,55,195,14,1,3,0,235,40,
arOrch,146588263,infrastructure_55,55,fDCC,1.0,55,41,14,,,0,77,36,
arOrch,146588263,infrastructure_55,55,fCheckDCC,1.0,55,36,14,,3,0,50,14,29
arOrch,146588263,infrastructure_55,55,fRules,1.0,55,64,15,3,6,0,64,,21
arOrch,146588263,infrastructure_55,55,fAR,1.0,55,10,45,,,0,22,12,
arOrch,146588263,infrastructure_60,60,fLogin,1.0,60,122,15,3,6,0,122,,
arOrch,146588263,infrastructure_60,60,fCrop,0.66,60,9,51,,,0,21,12,
arOrch,146588263,infrastructure_60,60,fGeo,0.66,60,174,15,,3,0,224,50,
arOrch,146588263,infrastructure_60,60,fDCC,1.0,60,45,15,,,0,81,36,
arOrch,146588263,infrastructure_60,60,fCheckDCC,1.0,60,75,15,,3,0,97,22,30
arOrch,146588263,infrastructure_60,60,fRules,1.0,60,72,16,3,6,0,72,,23
arOrch,146588263,infrastructure_60,60,fAR,1.0,60,9,51,,,0,21,12,
arOrch,146588263,infrastructure_65,65,fLogin,1.0,65,87,17,3,6,0,87,,
arOrch,146588263,infrastructure_65,65,fCrop,0.66,65,12,53,,,0,24,12,
arOrch,146588263,infrastructure_65,65,fGeo,0.66,65,321,17,,3,0,381,60,
arOrch,146588263,infrastructure_65,65,fDCC,1.0,65,48,17,,,0,84,36,
arOrch,146588263,infrastructure_65,65,fCheckDCC,1.0,65,60,17,,3,0,80,20,33
arOrch,146588263,infrastructure_65,65,fRules,1.0,65,63,13,3,6,0,63,,28
arOrch,146588263,infrastructure_65,65,fAR,1.0,65,12,53,,,0,24,12,
arOrch,146588263,infrastructure_70,70,fLogin,1.0,70,67,32,4,6,0,67,,
arOrch,146588263,infrastructure_70,70,fCrop,0.66,70,16,54,,,0,28,12,
arOrch,146588263,infrastructure_70,70,fGeo,0.66,70,108,32,1,3,0,153,45,
arOrch,146588263,infrastructure_70,70,fDCC,1.0,70,38,32,,,0,74,36,
arOrch,146588263,infrastructure_70,70,fCheckDCC,1.0,70,42,32,,3,0,58,16,24
arOrch,146588263,infrastructure_70,70,fRules,1.0,70,66,12,4,6,0,66,,32
arOrch,146588263,infrastructure_70,70,fAR,1.0,70,16,54,,,0,28,12,
arOrch,146588263,infrastructure_75,75,fLogin,1.0,75,200,21,4,6,0,200,,
arOrch,146588263,infrastructure_75,75,fCrop,0.66,75,16,59,,,0,28,12,
arOrch,146588263,infrastructure_75,75,fGeo,0.66,75,254,21,1,3,0,304,50,
arOrch,146588263,infrastructure_75,75,fDCC,1.0,75,54,21,,,0,90,36,
arOrch,146588263,infrastructure_75,75,fCheckDCC,1.0,75,45,21,,3,0,59,14,39
arOrch,146588263,infrastructure_75,75,fRules,1.0,75,92,23,4,6,0,92,,25
arOrch,146588263,infrastructure_75,75,fAR,1.0,75,16,59,,,0,28,12,
arOrch,146588263,infrastructure_80,80,fLogin,1.0,80,204,25,4,6,0,204,,
arOrch,146588263,infrastructure_80,80,fCrop,0.66,80,20,60,,,0,32,12,
arOrch,146588263,infrastructure_80,80,fGeo,0.66,80,155,25,2,3,0,190,35,
arOrch,146588263,infrastructure_80,80,fDCC,1.0,80,55,25,,,0,91,36,
arOrch,146588263,infrastructure_80,80,fCheckDCC,1.0,80,42,25,,3,0,58,16,41
arOrch,146588263,infrastructure_80,80,fRules,1.0,80,104,21,4,6,0,104,,29
arOrch,146588263,infrastructure_80,80,fAR,1.0,80,20,60,,,0,32,12,
arOrch,146588263,infrastructure_85,85,fLogin,1.0,85,231,23,4,6,0,231,,
arOrch,146588263,infrastructure_85,85,fCrop,0.66,85,12,73,,,0,24,12,
arOrch,146588263,infrastructure_85,85,fGeo,0.66,85,410,23,1,3,0,470,60,
arOrch,146588263,infrastructure_85,85,fDCC,1.0,85,62,23,,,0,98,36,
arOrch,146588263,infrastructure_85,85,fCheckDCC,1.0,85,69,23,,3,0,79,10,39
arOrch,146588263,infrastructure_85,85,fRules,1.0,85,108,21,4,6,0,108,,33
arOrch,146588263,infrastructure_85,85,fAR,1.0,85,12,73,,,0,24,12,
arOrch,146588263,infrastructure_90,90,fLogin,1.0,90,220,30,5,6,0,220,,
arOrch,146588263,infrastructure_90,90,fCrop,0.66,90,21,69,,,0,33,12,
arOrch,146588263,infrastructure_90,90,fGeo,0.66,90,278,30,3,3,0,318,40,
arOrch,146588263,infrastructure_90,90,fDCC,1.0,90,60,30,,,0,96,36,
arOrch,146588263,infrastructure_90,90,fCheckDCC,1.0,90,70,30,,3,0,94,24,46
arOrch,146588263,infrastructure_90,90,fRules,1.0,90,100,29,5,6,0,100,,31
arOrch,146588263,infrastructure_90,90,fAR,1.0,90,21,69,,,0,33,12,
arOrch,146588263,infrastructure_95,95,fLogin,1.0,95,177,31,5,6,0,177,,
arOrch,146588263,infrastructure_95,95,fCrop,0.66,95,17,78,,,0,29,12,
arOrch,146588263,infrastructure_95,95,fGeo,0.66,95,417,31,1,3,0,467,50,
arOrch,146588263,infrastructure_95,95,fDCC,1.0,95,64,31,,,0,100,36,
arOrch,146588263,infrastructure_95,95,fCheckDCC,1.0,95,84,31,,3,0,102,18,43
arOrch,146588263,infrastructure_95,95,fRules,1.0,95,112,21,5,6,0,112,,41
arOrch,146588263,infrastructure_95,95,fAR,1.0,95,17,78,,,0,29,12,
arOrch,146588263,infrastructure_100,100,fLogin,1.0,100,134,28,5,6,0,134,,
arOrch,146588263,infrastructure_100,100,fCrop,0.66,100,20,80,,,0,32,12,
arOrch,146588263,infrastructure_100,100,fGeo,0.66,100,274,28,2,4,0,299,25,
arOrch,146588263,infrastructure_100,100,fDCC,1.0,100,72,28,,,0,108,36,
arOrch,146588263,infrastructure_100,100,fCheckDCC,1.0,100,80,28,,3,0,100,20,52
arOrch,146588263,infrastructure_100,100,fRules,1.0,100,120,28,5,6,0,120,,37
arOrch,146588263,infrastructure_100,100,fAR,1.0,100,20,80,,,0,32,12,
arOrch,146588263,infrastructure_105,105,fLogin,1.0,105,215,28,5,6,0,215,,
arOrch,146588263,infrastructure_105,105,fCrop,0.66,105,18,87,,,0,30,12,
arOrch,146588263,infrastructure_105,105,fGeo,0.66,105,218,28,3,4,0,238,20,
arOrch,146588263,infrastructure_105,105,fDCC,1.0,105,77,28,,,0,113,36,
arOrch,146588263,infrastructure_105,105,fCheckDCC,1.0,105,69,28,,3,0,83,14,54
arOrch,146588263,infrastructure_105,105,fRules,1.0,105,124,25,5,6,0,124,,44
arOrch,146588263,infrastructure_105,105,fAR,1.0,105,18,87,,,0,30,12,
arOrch,146588263,infrastructure_110,110,fLogin,1.0,110,216,33,5,6,0,216,,
arOrch,146588263,infrastructure_110,110,fCrop,0.66,110,22,88,,,0,34,12,
arOrch,146588263,infrastructure_110,110,fGeo,0.66,110,509,33,2,3,0,559,50,
arOrch,146588263,infrastructure_110,110,fDCC,1.0,110,77,33,,,0,113,36,
arOrch,146588263,infrastructure_110,110,fCheckDCC,1.0,110,66,33,,3,0,78,12,55
arOrch,146588263,infrastructure_110,110,fRules,1.0,110,136,28,5,6,0,136,,43
arOrch,146588263,infrastructure_110,110,fAR,1.0,110,22,88,,,0,34,12,
arOrch,146588263,infrastructure_115,115,fLogin,1.0,115,304,33,6,6,0,304,,
arOrch,146588263,infrastructure_115,115,fCrop,0.66,115,24,91,,,0,36,12,
arOrch,146588263,infrastructure_115,115,fGeo,0.66,115,235,33,3,4,0,260,25,
arOrch,146588263,infrastructure_115,115,fDCC,1.0,115,82,33,,,0,118,36,
arOrch,146588263,infrastructure_115,115,fCheckDCC,1.0,115,115,33,,3,0,139,24,59
arOrch,146588263,infrastructure_115,115,fRules,1.0,115,140,23,6,6,0,140,,51
arOrch,146588263,infrastructure_115,115,fAR,1.0,115,24,91,,,0,36,12,
arOrch,146588263,infrastructure_120,120,fLogin,1.0,120,258,28,6,6,0,258,,
arOrch,146588263,infrastructure_120,120,fCrop,0.66,120,22,98,,,0,34,12,
arOrch,146588263,infrastructure_120,120,fGeo,0.66,120,523,28,4,3,0,563,40,
arOrch,146588263,infrastructure_120,120,fDCC,1.0,120,92,28,,,0,128,36,
arOrch,146588263,infrastructure_120,120,fCheckDCC,1.0,120,87,28,,3,0,99,12,63
arOrch,146588263,infrastructure_120,120,fRules,1.0,120,156,28,6,6,0,156,,47
arOrch,146588263,infrastructure_120,120,fAR,1.0,120,22,98,,,0,34,12,
arOrch,146588263,infrastructure_125,125,fLogin,1.0,125,291,22,6,6,0,291,,
arOrch,146588263,infrastructure_125,125,fCrop,0.66,125,15,110,,,0,27,12,
arOrch,146588263,infrastructure_125,125,fGeo,0.66,125,489,22,4,4,0,514,25,
arOrch,146588263,infrastructure_125,125,fDCC,1.0,125,103,22,,,0,139,36,
arOrch,146588263,infrastructure_125,125,fCheckDCC,1.0,125,136,22,,3,0,154,18,69
arOrch,146588263,infrastructure_125,125,fRules,1.0,125,111,41,6,6,0,111,,41
arOrch,146588263,infrastructure_125,125,fAR,1.0,125,15,110,,,0,27,12,
arOrch,146588263,infrastructure_130,130,fLogin,1.0,130,182,33,6,6,0,182,,
arOrch,146588263,infrastructure_130,130,fCrop,0.66,130,23,107,,,0,35,12,
arOrch,146588263,infrastructure_130,130,fGeo,0.66,130,459,33,4,4,0,479,20,
arOrch,146588263,infrastructure_130,130,fDCC,1.0,130,97,33,,,0,133,36,
arOrch,146588263,infrastructure_130,130,fCheckDCC,1.0,130,90,33,,3,0,108,18,67
arOrch,146588263,infrastructure_130,130,fRules,1.0,130,123,31,6,6,0,123,,52
arOrch,146588263,infrastructure_130,130,fAR,1.0,130,23,107,,,0,35,12,
arOrch,146588263,infrastructure_135,135,fLogin,1.0,135,336,44,7,6,0,336,,
arOrch,146588263,infrastructure_135,135,fCrop,0.66,135,24,111,,,0,36,12,
arOrch,146588263,infrastructure_135,135,fGeo,0.66,135,510,44,4,3,0,535,25,
arOrch,146588263,infrastructure_135,135,fDCC,1.0,135,91,44,,,0,127,36,
arOrch,146588263,infrastructure_135,135,fCheckDCC,1.0,135,104,44,,3,0,118,14,65
arOrch,146588263,infrastructure_135,135,fRules,1.0,135,108,32,7,6,0,108,,60
arOrch,146588263,infrastructure_135,135,fAR,1.0,135,24,111,,,0,36,12,
arOrch,146588263,infrastructure_140,140,fLogin,1.0,140,264,45,7,6,0,264,,
arOrch,146588263,infrastructure_140,140,fCrop,0.66,140,26,114,,,0,38,12,
arOrch,146588263,infrastructure_140,140,fGeo,0.66,140,447,45,4,3,0,472,25,
arOrch,146588263,infrastructure_140,140,fDCC,1.0,140,95,45,,,0,131,36,
arOrch,146588263,infrastructure_140,140,fCheckDCC,1.0,140,155,45,,3,0,181,26,64
arOrch,146588263,infrastructure_140,140,fRules,1.0,140,129,36,7,6,0,129,,54
arOrch,146588263,infrastructure_140,140,fAR,1.0,140,26,114,,,0,38,12,
arOrch,146588263,infrastructure_145,145,fLogin,1.0,145,270,48,7,6,0,270,,
arOrch,146588263,infrastructure_145,145,fCrop,0.66,145,32,113,,,0,44,12,
arOrch,146588263,infrastructure_145,145,fGeo,0.66,145,457,48,4,3,0,487,30,
arOrch,146588263,infrastructure_145,145,fDCC,1.0,145,97,48,,,0,133,36,
arOrch,146588263,infrastructure_145,145,fCheckDCC,1.0,145,112,48,,3,0,128,16,69
arOrch,146588263,infrastructure_145,145,fRules,1.0,145,138,34,7,6,0,138,,58
arOrch,146588263,infrastructure_145,145,fAR,1.0,145,32,113,,,0,44,12,
arOrch,146588263,infrastructure_150,150,fLogin,1.0,150,212,37,7,6,0,212,,
arOrch,146588263,infrastructure_150,150,fCrop,0.66,150,29,121,,,0,41,12,
arOrch,146588263,infrastructure_150,150,fGeo,0.66,150,747,37,4,4,0,767,20,
arOrch,146588263,infrastructure_150,150,fDCC,1.0,150,113,37,,,0,149,36,
arOrch,146588263,infrastructure_150,150,fCheckDCC,1.0,150,93,37,,3,0,107,14,82
arOrch,146588263,infrastructure_150,150,fRules,1.0,150,184,41,7,6,0,184,,56
arOrch,146588263,infrastructure_150,150,fAR,1.0,150,29,121,,,0,41,12,
arOrch,146588263,infrastructure_155,155,fLogin,1.0,155,333,36,8,6,0,333,,
arOrch,146588263,infrastructure_155,155,fCrop,0.66,155,23,132,,,0,35,12,
arOrch,146588263,infrastructure_155,155,fGeo,0.66,155,676,36,5,3,0,716,40,
arOrch,146588263,infrastructure_155,155,fDCC,1.0,155,119,36,,,0,155,36,
arOrch,146588263,infrastructure_155,155,fCheckDCC,1.0,155,210,36,,3,0,236,26,77
arOrch,146588263,infrastructure_155,155,fRules,1.0,155,196,36,8,6,0,196,,62
arOrch,146588263,infrastructure_155,155,fAR,1.0,155,23,132,,,0,35,12,
arOrch,146588263,infrastructure_160,160,fLogin,1.0,160,330,42,8,6,0,330,,
arOrch,146588263,infrastructure_160,160,fCrop,0.66,160,29,131,,,0,41,12,
arOrch,146588263,infrastructure_160,160,fGeo,0.66,160,444,42,5,3,0,474,30,
arOrch,146588263,infrastructure_160,160,fDCC,1.0,160,118,42,,,0,154,36,
arOrch,146588263,infrastructure_160,160,fCheckDCC,1.0,160,148,42,,3,0,166,18,81
arOrch,146588263,infrastructure_160,160,fRules,1.0,160,200,41,8,6,0,200,,61
arOrch,146588263,infrastructure_160,160,fAR,1.0,160,29,131,,,0,41,12,
arOrch,146588263,infrastructure_165,165,fLogin,1.0,165,234,40,8,6,0,234,,
arOrch,146588263,infrastructure_165,165,fCrop,0.66,165,27,138,,,0,39,12,
arOrch,146588263,infrastructure_165,165,fGeo,0.66,165,592,40,5,3,0,637,45,
arOrch,146588263,infrastructure_165,165,fDCC,1.0,165,125,40,,,0,161,36,
arOrch,146588263,infrastructure_165,165,fCheckDCC,1.0,165,156,40,,3,0,176,20,86
arOrch,146588263,infrastructure_165,165,fRules,1.0,165,200,33,8,6,0,200,,74
arOrch,146588263,infrastructure_165,165,fAR,1.0,165,27,138,,,0,39,12,
arOrch,146588263,infrastructure_170,170,fLogin,1.0,170,516,33,8,6,0,516,,
arOrch,146588263,infrastructure_170,170,fCrop,0.66,170,25,145,,,0,37,12,
arOrch,146588263,infrastructure_170,170,fGeo,0.66,170,522,33,6,3,0,547,25,
arOrch,146588263,infrastructure_170,170,fDCC,1.0,170,137,33,,,0,173,36,
arOrch,146588263,infrastructure_170,170,fCheckDCC,1.0,170,164,33,,3,0,186,22,96
arOrch,146588263,infrastructure_170,170,fRules,1.0,170,200,50,8,6,0,200,,62
arOrch,146588263,infrastructure_170,170,fAR,1.0,170,25,145,,,0,37,12,
arOrch,146588263,infrastructure_175,175,fLogin,1.0,175,480,47,8,6,0,480,,
arOrch,146588263,infrastructure_175,175,fCrop,0.66,175,27,148,,,0,39,12,
arOrch,146588263,infrastructure_175,175,fGeo,0.66,175,847,47,5,3,0,892,45,
arOrch,146588263,infrastructure_175,175,fDCC,1.0,175,128,47,,,0,164,36,
arOrch,146588263,infrastructure_175,175,fCheckDCC,1.0,175,126,47,,3,0,140,14,86
arOrch,146588263,infrastructure_175,175,fRules,1.0,175,159,49,8,6,0,159,,65
arOrch,146588263,infrastructure_175,175,fAR,1.0,175,27,148,,,0,39,12,
arOrch,146588263,infrastructure_180,180,fLogin,1.0,180,246,48,9,6,0,246,,
arOrch,146588263,infrastructure_180,180,fCrop,0.66,180,30,150,,,0,42,12,
arOrch,146588263,infrastructure_180,180,fGeo,0.66,180,377,48,7,3,0,402,25,
arOrch,146588263,infrastructure_180,180,fDCC,1.0,180,132,48,,,0,168,36,
arOrch,146588263,infrastructure_180,180,fCheckDCC,1.0,180,215,48,,3,0,241,26,89
arOrch,146588263,infrastructure_180,180,fRules,1.0,180,165,38,9,6,0,165,,78
arOrch,146588263,infrastructure_180,180,fAR,1.0,180,30,150,,,0,42,12,
arOrch,146588263,infrastructure_185,185,fLogin,1.0,185,496,52,9,6,0,496,,
arOrch,146588263,infrastructure_185,185,fCrop,0.66,185,34,151,,,0,46,12,
arOrch,146588263,infrastructure_185,185,fGeo,0.66,185,505,52,6,3,0,545,40,
arOrch,146588263,infrastructure_185,185,fDCC,1.0,185,133,52,,,0,169,36,
arOrch,146588263,infrastructure_185,185,fCheckDCC,1.0,185,200,52,,3,0,226,26,93
arOrch,146588263,infrastructure_185,185,fRules,1.0,185,168,46,9,6,0,168,,74
arOrch,146588263,infrastructure_185,185,fAR,1.0,185,34,151,,,0,46,12,
arOrch,146588263,infrastructure_190,190,fLogin,1.0,190,390,51,9,6,0,390,,
arOrch,146588263,infrastructure_190,190,fCrop,0.66,190,33,157,,,0,45,12,
arOrch,146588263,infrastructure_190,190,fGeo,0.66,190,795,51,5,3,0,830,35,
arOrch,146588263,infrastructure_190,190,fDCC,1.0,190,139,51,,,0,175,36,
arOrch,146588263,infrastructure_190,190,fCheckDCC,1.0,190,176,51,,3,0,194,18,95
arOrch,146588263,infrastructure_190,190,fRules,1.0,190,177,56,9,6,0,177,,66
arOrch,146588263,infrastructure_190,190,fAR,1.0,190,33,157,,,0,45,12,
arOrch,146588263,infrastructure_195,195,fLogin,1.0,195,268,52,9,6,0,268,,
arOrch,146588263,infrastructure_195,195,fCrop,0.66,195,35,160,,,0,47,12,
arOrch,146588263,infrastructure_195,195,fGeo,0.66,195,680,52,5,3,0,735,55,
arOrch,146588263,infrastructure_195,195,fDCC,1.0,195,143,52,,,0,179,36,
arOrch,146588263,infrastructure_195,195,fCheckDCC,1.0,195,205,52,,3,0,231,26,102
arOrch,146588263,infrastructure_195,195,fRules,1.0,195,174,49,9,6,0,174,,79
arOrch,146588263,infrastructure_195,195,fAR,1.0,195,35,160,,,0,47,12,
arOrch,146588263,infrastructure_200,200,fLogin,1.0,200,576,46,10,6,0,576,,
arOrch,146588263,infrastructure_200,200,fCrop,0.66,200,33,167,,,0,45,12,
arOrch,146588263,infrastructure_200,200,fGeo,0.66,200,1018,46,7,3,0,1038,20,
arOrch,146588263,infrastructure_200,200,fDCC,1.0,200,154,46,,,0,190,36,
arOrch,146588263,infrastructure_200,200,fCheckDCC,1.0,200,192,46,,3,0,212,20,106
arOrch,146588263,infrastructure_200,200,fRules,1.0,200,183,52,10,6,0,183,,77
arOrch,146588263,infrastructure_200,200,fAR,1.0,200,33,167,,,0,45,12,
arOrch,146588263,infrastructure_205,205,fLogin,1.0,205,584,49,10,6,0,584,,
arOrch,146588263,infrastructure_205,205,fCrop,0.66,205,38,167,,,0,50,12,
arOrch,146588263,infrastructure_205,205,fGeo,0.66,205,886,49,7,3,0,921,35,
arOrch,146588263,infrastructure_205,205,fDCC,1.0,205,156,49,,,0,192,36,
arOrch,146588263,infrastructure_205,205,fCheckDCC,1.0,205,235,49,,3,0,257,22,109
arOrch,146588263,infrastructure_205,205,fRules,1.0,205,260,40,10,6,0,260,,90
arOrch,146588263,infrastructure_205,205,fAR,1.0,205,38,167,,,0,50,12,
arOrch,146588263,infrastructure_210,210,fLogin,1.0,210,444,52,10,6,0,444,,
arOrch,146588263,infrastructure_210,210,fCrop,0.66,210,40,170,,,0,52,12,
arOrch,146588263,infrastructure_210,210,fGeo,0.66,210,452,52,7,3,0,472,20,
arOrch,146588263,infrastructure_210,210,fDCC,1.0,210,158,52,,,0,194,36,
arOrch,146588263,infrastructure_210,210,fCheckDCC,1.0,210,132,52,,3,0,144,12,114
arOrch,146588263,infrastructure_210,210,fRules,1.0,210,256,57,10,6,0,256,,79
arOrch,146588263,infrastructure_210,210,fAR,1.0,210,40,170,,,0,52,12,
arOrch,146588263,infrastructure_215,215,fLogin,1.0,215,429,62,10,6,0,429,,
arOrch,146588263,infrastructure_215,215,fCrop,0.66,215,36,179,,,0,48,12,
arOrch,146588263,infrastructure_215,215,fGeo,0.66,215,868,62,6,4,0,898,30,
arOrch,146588263,infrastructure_215,215,fDCC,1.0,215,153,62,,,0,189,36,
arOrch,146588263,infrastructure_215,215,fCheckDCC,1.0,215,245,62,,3,0,267,22,104
arOrch,146588263,infrastructure_215,215,fRules,1.0,215,260,56,10,6,0,260,,84
arOrch,146588263,infrastructure_215,215,fAR,1.0,215,36,179,,,0,48,12,
arOrch,146588263,infrastructure_220,220,fLogin,1.0,220,468,54,10,6,0,468,,
arOrch,146588263,infrastructure_220,220,fCrop,0.66,220,34,186,,,0,46,12,
arOrch,146588263,infrastructure_220,220,fGeo,0.66,220,474,54,7,4,0,504,30,
arOrch,146588263,infrastructure_220,220,fDCC,1.0,220,166,54,,,0,202,36,
arOrch,146588263,infrastructure_220,220,fCheckDCC,1.0,220,255,54,,3,0,277,22,115
arOrch,146588263,infrastructure_220,220,fRules,1.0,220,195,62,10,6,0,195,,83
arOrch,146588263,infrastructure_220,220,fAR,1.0,220,34,186,,,0,46,12,
mediaOrch,146588263,infrastructure_50,50,fDocAnalysis,1.0,50,75,13,,,0,129,54,12
mediaOrch,146588263,infrastructure_50,50,fProcDoc,1.0,50,132,17,,,0,204,72,
mediaOrch,146588263,infrastructure_50,50,fPayAppr,0.66,50,37,13,,,0,67,30,
mediaOrch,146588263,infrastructure_50,50,fNotify,0.66,50,37,13,,,0,73,36,
mediaOrch,146588263,infrastructure_50,50,fArchive,0.66,50,37,13,,,0,67,30,
mediaOrch,146588263,infrastructure_55,55,fDocAnalysis,1.0,55,70,15,,,0,106,36,5
mediaOrch,146588263,infrastructure_55,55,fProcDoc,1.0,55,123,14,,,0,177,54,
mediaOrch,146588263,infrastructure_55,55,fPayAppr,0.66,55,40,15,,,0,70,30,
mediaOrch,146588263,infrastructure_55,55,fNotify,0.66,55,40,15,,,0,76,36,
mediaOrch,146588263,infrastructure_55,55,fArchive,0.66,55,40,15,,,0,70,30,
mediaOrch,146588263,infrastructure_60,60,fDocAnalysis,1.0,60,74,16,,,0,110,36,7
mediaOrch,146588263,infrastructure_60,60,fProcDoc,1.0,60,135,15,,,0,189,54,
mediaOrch,146588263,infrastructure_60,60,fPayAppr,0.66,60,44,16,,,0,74,30,
mediaOrch,146588263,infrastructure_60,60,fNotify,0.66,60,44,16,,,0,80,36,
mediaOrch,146588263,infrastructure_60,60,fArchive,0.66,60,44,16,,,0,74,30,
mediaOrch,146588263,infrastructure_65,65,fDocAnalysis,1.0,65,88,13,,,0,124,36,8
mediaOrch,146588263,infrastructure_65,65,fProcDoc,1.0,65,96,17,,,0,132,36,
mediaOrch,146588263,infrastructure_65,65,fPayAppr,0.66,65,52,13,,,0,82,30,
mediaOrch,146588263,infrastructure_65,65,fNotify,0.66,65,52,13,,,0,88,36,
mediaOrch,146588263,infrastructure_65,65,fArchive,0.66,65,52,13,,,0,82,30,
mediaOrch,146588263,infrastructure_70,70,fDocAnalysis,1.0,70,78,12,,,0,114,36,19
mediaOrch,146588263,infrastructure_70,70,fProcDoc,1.0,70,76,32,,,0,112,36,
mediaOrch,146588263,infrastructure_70,70,fPayAppr,0.66,70,58,12,,,0,88,30,
mediaOrch,146588263,infrastructure_70,70,fNotify,0.66,70,58,12,,,0,94,36,
mediaOrch,146588263,infrastructure_70,70,fArchive,0.66,70,58,12,,,0,88,30,
mediaOrch,146588263,infrastructure_75,75,fDocAnalysis,1.0,75,132,23,,,0,186,54,8
mediaOrch,146588263,infrastructure_75,75,fProcDoc,1.0,75,216,21,,,0,288,72,
mediaOrch,146588263,infrastructure_75,75,fPayAppr,0.66,75,52,23,,,0,82,30,
mediaOrch,146588263,infrastructure_75,75,fNotify,0.66,75,52,23,,,0,88,36,
mediaOrch,146588263,infrastructure_75,75,fArchive,0.66,75,52,23,,,0,82,30,
mediaOrch,146588263,infrastructure_80,80,fDocAnalysis,1.0,80,100,21,,,0,136,36,9
mediaOrch,146588263,infrastructure_80,80,fProcDoc,1.0,80,220,25,,,0,292,72,
mediaOrch,146588263,infrastructure_80,80,fPayAppr,0.66,80,59,21,,,0,89,30,
mediaOrch,146588263,infrastructure_80,80,fNotify,0.66,80,59,21,,,0,95,36,
mediaOrch,146588263,infrastructure_80,80,fArchive,0.66,80,59,21,,,0,89,30,
mediaOrch,146588263,infrastructure_85,85,fDocAnalysis,1.0,85,100,21,,,0,136,36,14
mediaOrch,146588263,infrastructure_85,85,fProcDoc,1.0,85,248,23,,,0,320,72,
mediaOrch,146588263,infrastructure_85,85,fPayAppr,0.66,85,64,21,,,0,94,30,
mediaOrch,146588263,infrastructure_85,85,fNotify,0.66,85,64,21,,,0,100,36,
mediaOrch,146588263,infrastructure_85,85,fArchive,0.66,85,64,21,,,0,94,30,
mediaOrch,146588263,infrastructure_90,90,fDocAnalysis,1.0,90,102,29,,,0,138,36,10
mediaOrch,146588263,infrastructure_90,90,fProcDoc,1.0,90,240,30,,,0,312,72,
mediaOrch,146588263,infrastructure_90,90,fPayAppr,0.66,90,61,29,,,0,91,30,
mediaOrch,146588263,infrastructure_90,90,fNotify,0.66,90,61,29,,,0,97,36,
mediaOrch,146588263,infrastructure_90,90,fArchive,0.66,90,61,29,,,0,91,30,
mediaOrch,146588263,infrastructure_95,95,fDocAnalysis,1.0,95,174,21,,,0,228,54,16
mediaOrch,146588263,infrastructure_95,95,fProcDoc,1.0,95,192,31,,,0,246,54,
mediaOrch,146588263,infrastructure_95,95,fPayAppr,0.66,95,74,21,,,0,104,30,
mediaOrch,146588263,infrastructure_95,95,fNotify,0.66,95,74,21,,,0,110,36,
mediaOrch,146588263,infrastructure_95,95,fArchive,0.66,95,74,21,,,0,104,30,
mediaOrch,146588263,infrastructure_100,100,fDocAnalysis,1.0,100,122,28,,,0,158,36,11
mediaOrch,146588263,infrastructure_100,100,fProcDoc,1.0,100,144,28,,,0,180,36,
mediaOrch,146588263,infrastructure_100,100,fPayAppr,0.66,100,72,28,,,0,102,30,
mediaOrch,146588263,infrastructure_100,100,fNotify,0.66,100,72,28,,,0,108,36,
mediaOrch,146588263,infrastructure_100,100,fArchive,0.66,100,72,28,,,0,102,30,
mediaOrch,146588263,infrastructure_105,105,fDocAnalysis,1.0,105,136,25,,,0,172,36,12
mediaOrch,146588263,infrastructure_105,105,fProcDoc,1.0,105,231,28,,,0,285,54,
mediaOrch,146588263,infrastructure_105,105,fPayAppr,0.66,105,80,25,,,0,110,30,
mediaOrch,146588263,infrastructure_105,105,fNotify,0.66,105,80,25,,,0,116,36,
mediaOrch,146588263,infrastructure_105,105,fArchive,0.66,105,80,25,,,0,110,30,
mediaOrch,146588263,infrastructure_110,110,fDocAnalysis,1.0,110,201,28,,,0,255,54,15
mediaOrch,146588263,infrastructure_110,110,fProcDoc,1.0,110,231,33,,,0,285,54,
mediaOrch,146588263,infrastructure_110,110,fPayAppr,0.66,110,82,28,,,0,112,30,
mediaOrch,146588263,infrastructure_110,110,fNotify,0.66,110,82,28,,,0,118,36,
mediaOrch,146588263,infrastructure_110,110,fArchive,0.66,110,82,28,,,0,112,30,
mediaOrch,146588263,infrastructure_115,115,fDocAnalysis,1.0,115,158,23,,,0,194,36,13
mediaOrch,146588263,infrastructure_115,115,fProcDoc,1.0,115,328,33,,,0,400,72,
mediaOrch,146588263,infrastructure_115,115,fPayAppr,0.66,115,92,23,,,0,122,30,
mediaOrch,146588263,infrastructure_115,115,fNotify,0.66,115,92,23,,,0,128,36,
mediaOrch,146588263,infrastructure_115,115,fArchive,0.66,115,92,23,,,0,122,30,
mediaOrch,146588263,infrastructure_120,120,fDocAnalysis,1.0,120,240,28,,,0,294,54,12
mediaOrch,146588263,infrastructure_120,120,fProcDoc,1.0,120,276,28,,,0,330,54,
mediaOrch,146588263,infrastructure_120,120,fPayAppr,0.66,120,92,28,,,0,122,30,
mediaOrch,146588263,infrastructure_120,120,fNotify,0.66,120,92,28,,,0,128,36,
mediaOrch,146588263,infrastructure_120,120,fArchive,0.66,120,92,28,,,0,122,30,
mediaOrch,146588263,infrastructure_125,125,fDocAnalysis,1.0,125,222,41,,,0,276,54,10
mediaOrch,146588263,infrastructure_125,125,fProcDoc,1.0,125,309,22,,,0,363,54,
mediaOrch,146588263,infrastructure_125,125,fPayAppr,0.66,125,84,41,,,0,114,30,
mediaOrch,146588263,infrastructure_125,125,fNotify,0.66,125,84,41,,,0,120,36,
mediaOrch,146588263,infrastructure_125,125,fArchive,0.66,125,84,41,,,0,114,30,
mediaOrch,146588263,infrastructure_130,130,fDocAnalysis,1.0,130,168,31,,,0,204,36,15
mediaOrch,146588263,infrastructure_130,130,fProcDoc,1.0,130,194,33,,,0,230,36,
mediaOrch,146588263,infrastructure_130,130,fPayAppr,0.66,130,99,31,,,0,129,30,
mediaOrch,146588263,infrastructure_130,130,fNotify,0.66,130,99,31,,,0,135,36,
mediaOrch,146588263,infrastructure_130,130,fArchive,0.66,130,99,31,,,0,129,30,
mediaOrch,146588263,infrastructure_135,135,fDocAnalysis,1.0,135,166,32,,,0,202,36,20
mediaOrch,146588263,infrastructure_135,135,fProcDoc,1.0,135,364,44,,,0,436,72,
mediaOrch,146588263,infrastructure_135,135,fPayAppr,0.66,135,103,32,,,0,133,30,
mediaOrch,146588263,infrastructure_135,135,fNotify,0.66,135,103,32,,,0,139,36,
mediaOrch,146588263,infrastructure_135,135,fArchive,0.66,135,103,32,,,0,133,30,
mediaOrch,146588263,infrastructure_140,140,fDocAnalysis,1.0,140,240,36,,,0,294,54,24
mediaOrch,146588263,infrastructure_140,140,fProcDoc,1.0,140,285,45,,,0,339,54,
mediaOrch,146588263,infrastructure_140,140,fPayAppr,0.66,140,104,36,,,0,134,30,
mediaOrch,146588263,infrastructure_140,140,fNotify,0.66,140,104,36,,,0,140,36,
mediaOrch,146588263,infrastructure_140,140,fArchive,0.66,140,104,36,,,0,134,30,
mediaOrch,146588263,infrastructure_145,145,fDocAnalysis,1.0,145,267,34,,,0,321,54,22
mediaOrch,146588263,infrastructure_145,145,fProcDoc,1.0,145,291,48,,,0,345,54,
mediaOrch,146588263,infrastructure_145,145,fPayAppr,0.66,145,111,34,,,0,141,30,
mediaOrch,146588263,infrastructure_145,145,fNotify,0.66,145,111,34,,,0,147,36,
mediaOrch,146588263,infrastructure_145,145,fArchive,0.66,145,111,34,,,0,141,30,
mediaOrch,146588263,infrastructure_150,150,fDocAnalysis,1.0,150,192,41,,,0,228,36,13
mediaOrch,146588263,infrastructure_150,150,fProcDoc,1.0,150,226,37,,,0,262,36,
mediaOrch,146588263,infrastructure_150,150,fPayAppr,0.66,150,109,41,,,0,139,30,
mediaOrch,146588263,infrastructure_150,150,fNotify,0.66,150,109,41,,,0,145,36,
mediaOrch,146588263,infrastructure_150,150,fArchive,0.66,150,109,41,,,0,139,30,
mediaOrch,146588263,infrastructure_155,155,fDocAnalysis,1.0,155,297,36,,,0,351,54,20
mediaOrch,146588263,infrastructure_155,155,fProcDoc,1.0,155,357,36,,,0,411,54,
mediaOrch,146588263,infrastructure_155,155,fPayAppr,0.66,155,119,36,,,0,149,30,
mediaOrch,146588263,infrastructure_155,155,fNotify,0.66,155,119,36,,,0,155,36,
mediaOrch,146588263,infrastructure_155,155,fArchive,0.66,155,119,36,,,0,149,30,
mediaOrch,146588263,infrastructure_160,160,fDocAnalysis,1.0,160,297,41,,,0,351,54,20
mediaOrch,146588263,infrastructure_160,160,fProcDoc,1.0,160,354,42,,,0,408,54,
mediaOrch,146588263,infrastructure_160,160,fPayAppr,0.66,160,119,41,,,0,149,30,
mediaOrch,146588263,infrastructure_160,160,fNotify,0.66,160,119,41,,,0,155,36,
mediaOrch,146588263,infrastructure_160,160,fArchive,0.66,160,119,41,,,0,149,30,
mediaOrch,146588263,infrastructure_165,165,fDocAnalysis,1.0,165,228,33,,,0,264,36,18
mediaOrch,146588263,infrastructure_165,165,fProcDoc,1.0,165,250,40,,,0,286,36,
mediaOrch,146588263,infrastructure_165,165,fPayAppr,0.66,165,132,33,,,0,162,30,
mediaOrch,146588263,infrastructure_165,165,fNotify,0.66,165,132,33,,,0,168,36,
mediaOrch,146588263,infrastructure_165,165,fArchive,0.66,165,132,33,,,0,162,30,
mediaOrch,146588263,infrastructure_170,170,fDocAnalysis,1.0,170,218,50,,,0,254,36,11
mediaOrch,146588263,infrastructure_170,170,fProcDoc,1.0,170,548,33,,,0,620,72,
mediaOrch,146588263,infrastructure_170,170,fPayAppr,0.66,170,120,50,,,0,150,30,
mediaOrch,146588263,infrastructure_170,170,fNotify,0.66,170,120,50,,,0,156,36,
mediaOrch,146588263,infrastructure_170,170,fArchive,0.66,170,120,50,,,0,150,30,
mediaOrch,146588263,infrastructure_175,175,fDocAnalysis,1.0,175,202,49,,,0,238,36,25
mediaOrch,146588263,infrastructure_175,175,fProcDoc,1.0,175,512,47,,,0,584,72,
mediaOrch,146588263,infrastructure_175,175,fPayAppr,0.66,175,126,49,,,0,156,30,
mediaOrch,146588263,infrastructure_175,175,fNotify,0.66,175,126,49,,,0,162,36,
mediaOrch,146588263,infrastructure_175,175,fArchive,0.66,175,126,49,,,0,156,30,
mediaOrch,146588263,infrastructure_180,180,fDocAnalysis,1.0,180,236,38,,,0,272,36,24
mediaOrch,146588263,infrastructure_180,180,fProcDoc,1.0,180,264,48,,,0,300,36,
mediaOrch,146588263,infrastructure_180,180,fPayAppr,0.66,180,142,38,,,0,172,30,
mediaOrch,146588263,infrastructure_180,180,fNotify,0.66,180,142,38,,,0,178,36,
mediaOrch,146588263,infrastructure_180,180,fArchive,0.66,180,142,38,,,0,172,30,
mediaOrch,146588263,infrastructure_185,185,fDocAnalysis,1.0,185,230,46,,,0,266,36,24
mediaOrch,146588263,infrastructure_185,185,fProcDoc,1.0,185,532,52,,,0,604,72,
mediaOrch,146588263,infrastructure_185,185,fPayAppr,0.66,185,139,46,,,0,169,30,
mediaOrch,146588263,infrastructure_185,185,fNotify,0.66,185,139,46,,,0,175,36,
mediaOrch,146588263,infrastructure_185,185,fArchive,0.66,185,139,46,,,0,169,30,
mediaOrch,146588263,infrastructure_190,190,fDocAnalysis,1.0,190,327,56,,,0,381,54,25
mediaOrch,146588263,infrastructure_190,190,fProcDoc,1.0,190,417,51,,,0,471,54,
mediaOrch,146588263,infrastructure_190,190,fPayAppr,0.66,190,134,56,,,0,164,30,
mediaOrch,146588263,infrastructure_190,190,fNotify,0.66,190,134,56,,,0,170,36,
mediaOrch,146588263,infrastructure_190,190,fArchive,0.66,190,134,56,,,0,164,30,
mediaOrch,146588263,infrastructure_195,195,fDocAnalysis,1.0,195,250,49,,,0,286,36,21
mediaOrch,146588263,infrastructure_195,195,fProcDoc,1.0,195,286,52,,,0,322,36,
mediaOrch,146588263,infrastructure_195,195,fPayAppr,0.66,195,146,49,,,0,176,30,
mediaOrch,146588263,infrastructure_195,195,fNotify,0.66,195,146,49,,,0,182,36,
mediaOrch,146588263,infrastructure_195,195,fArchive,0.66,195,146,49,,,0,176,30,
mediaOrch,146588263,infrastructure_200,200,fDocAnalysis,1.0,200,256,52,,,0,292,36,20
mediaOrch,146588263,infrastructure_200,200,fProcDoc,1.0,200,616,46,,,0,688,72,
mediaOrch,146588263,infrastructure_200,200,fPayAppr,0.66,200,148,52,,,0,178,30,
mediaOrch,146588263,infrastructure_200,200,fNotify,0.66,200,148,52,,,0,184,36,
mediaOrch,146588263,infrastructure_200,200,fArchive,0.66,200,148,52,,,0,178,30,
mediaOrch,146588263,infrastructure_205,205,fDocAnalysis,1.0,205,290,40,,,0,326,36,20
mediaOrch,146588263,infrastructure_205,205,fProcDoc,1.0,205,624,49,,,0,696,72,
mediaOrch,146588263,infrastructure_205,205,fPayAppr,0.66,205,165,40,,,0,195,30,
mediaOrch,146588263,infrastructure_205,205,fNotify,0.66,205,165,40,,,0,201,36,
mediaOrch,146588263,infrastructure_205,205,fArchive,0.66,205,165,40,,,0,195,30,
mediaOrch,146588263,infrastructure_210,210,fDocAnalysis,1.0,210,268,57,,,0,304,36,19
mediaOrch,146588263,infrastructure_210,210,fProcDoc,1.0,210,474,52,,,0,528,54,
mediaOrch,146588263,infrastructure_210,210,fPayAppr,0.66,210,153,57,,,0,183,30,
mediaOrch,146588263,infrastructure_210,210,fNotify,0.66,210,153,57,,,0,189,36,
mediaOrch,146588263,infrastructure_210,210,fArchive,0.66,210,153,57,,,0,183,30,
mediaOrch,146588263,infrastructure_215,215,fDocAnalysis,1.0,215,254,56,,,0,290,36,32
mediaOrch,146588263,infrastructure_215,215,fProcDoc,1.0,215,459,62,,,0,513,54,
mediaOrch,146588263,infrastructure_215,215,fPayAppr,0.66,215,159,56,,,0,189,30,
mediaOrch,146588263,infrastructure_215,215,fNotify,0.66,215,159,56,,,0,195,36,
mediaOrch,146588263,infrastructure_215,215,fArchive,0.66,215,159,56,,,0,189,30,
mediaOrch,146588263,infrastructure_220,220,fDocAnalysis,1.0,220,399,62,,,0,453,54,25
mediaOrch,146588263,infrastructure_220,220,fProcDoc,1.0,220,498,54,,,0,552,54,
mediaOrch,146588263,infrastructure_220,220,fPayAppr,0.66,220,158,62,,,0,188,30,
mediaOrch,146588263,infrastructure_220,220,fNotify,0.66,220,158,62,,,0,194,36,
mediaOrch,146588263,infrastructure_220,220,fArchive,0.66,220,158,62,,,0,188,30,
stockOrch,146588263,infrastructure_50,50,fCheck,1.0,50,136,13,3,6,0,136,,
stockOrch,146588263,infrastructure_50,50,fBuyOrSell,0.66,50,17,13,,,0,29,12,20
stockOrch,146588263,infrastructure_50,50,fSell,0.66,50,20,30,,,0,50,30,
stockOrch,146588263,infrastructure_50,50,fBuy,0.66,50,20,30,,,0,50,30,
stockOrch,146588263,infrastructure_50,50,fRecord,0.33,50,64,13,3,4,0,68,4,18
stockOrch,146588263,infrastructure_55,55,fCheck,1.0,55,148,15,3,6,0,148,,
stockOrch,146588263,infrastructure_55,55,fBuyOrSell,0.66,55,18,15,,,0,30,12,22
stockOrch,146588263,infrastructure_55,55,fSell,0.66,55,26,29,,,0,56,30,
stockOrch,146588263,infrastructure_55,55,fBuy,0.66,55,26,29,,,0,56,30,
stockOrch,146588263,infrastructure_55,55,fRecord,0.33,55,64,15,3,6,0,64,,21
stockOrch,146588263,infrastructure_60,60,fCheck,1.0,60,123,16,3,6,0,123,,
stockOrch,146588263,infrastructure_60,60,fBuyOrSell,0.66,60,21,16,,,0,33,12,23
stockOrch,146588263,infrastructure_60,60,fSell,0.66,60,29,31,,,0,59,30,
stockOrch,146588263,infrastructure_60,60,fBuy,0.66,60,29,31,,,0,59,30,
stockOrch,146588263,infrastructure_60,60,fRecord,0.33,60,54,16,3,5,0,56,2,23
stockOrch,146588263,infrastructure_65,65,fCheck,1.0,65,196,13,3,5,0,200,4,
stockOrch,146588263,infrastructure_65,65,fBuyOrSell,0.66,65,22,13,,,0,34,12,30
stockOrch,146588263,infrastructure_65,65,fSell,0.66,65,35,30,,,0,65,30,
stockOrch,146588263,infrastructure_65,65,fBuy,0.66,65,35,30,,,0,65,30,
stockOrch,146588263,infrastructure_65,65,fRecord,0.33,65,84,13,3,4,0,88,4,28
stockOrch,146588263,infrastructure_70,70,fCheck,1.0,70,216,12,4,6,0,216,,
stockOrch,146588263,infrastructure_70,70,fBuyOrSell,0.66,70,26,12,,,0,38,12,32
stockOrch,146588263,infrastructure_70,70,fSell,0.66,70,26,44,,,0,56,30,
stockOrch,146588263,infrastructure_70,70,fBuy,0.66,70,26,44,,,0,56,30,
stockOrch,146588263,infrastructure_70,70,fRecord,0.33,70,88,12,4,6,0,88,,32
stockOrch,146588263,infrastructure_75,75,fCheck,1.0,75,192,23,4,6,0,192,,
stockOrch,146588263,infrastructure_75,75,fBuyOrSell,0.66,75,26,23,,,0,38,12,26
stockOrch,146588263,infrastructure_75,75,fSell,0.66,75,31,44,,,0,61,30,
stockOrch,146588263,infrastructure_75,75,fBuy,0.66,75,31,44,,,0,61,30,
stockOrch,146588263,infrastructure_75,75,fRecord,0.33,75,92,23,4,6,0,92,,25
stockOrch,146588263,infrastructure_80,80,fCheck,1.0,80,110,21,4,6,0,110,,
stockOrch,146588263,infrastructure_80,80,fBuyOrSell,0.66,80,29,21,,,0,41,12,30
stockOrch,146588263,infrastructure_80,80,fSell,0.66,80,34,46,,,0,64,30,
stockOrch,146588263,infrastructure_80,80,fBuy,0.66,80,34,46,,,0,64,30,
stockOrch,146588263,infrastructure_80,80,fRecord,0.33,80,52,21,4,6,0,52,,29
stockOrch,146588263,infrastructure_85,85,fCheck,1.0,85,180,21,4,6,0,180,,
stockOrch,146588263,infrastructure_85,85,fBuyOrSell,0.66,85,30,21,,,0,42,12,34
stockOrch,146588263,infrastructure_85,85,fSell,0.66,85,41,44,,,0,71,30,
stockOrch,146588263,infrastructure_85,85,fBuy,0.66,85,41,44,,,0,71,30,
stockOrch,146588263,infrastructure_85,85,fRecord,0.33,85,81,21,4,6,0,81,,33
stockOrch,146588263,infrastructure_90,90,fCheck,1.0,90,168,29,5,6,0,168,,
stockOrch,146588263,infrastructure_90,90,fBuyOrSell,0.66,90,27,29,,,0,39,12,34
stockOrch,146588263,infrastructure_90,90,fSell,0.66,90,31,59,,,0,61,30,
stockOrch,146588263,infrastructure_90,90,fBuy,0.66,90,31,59,,,0,61,30,
stockOrch,146588263,infrastructure_90,90,fRecord,0.33,90,75,29,5,5,0,77,2,31
stockOrch,146588263,infrastructure_95,95,fCheck,1.0,95,138,21,5,5,0,142,4,
stockOrch,146588263,infrastructure_95,95,fBuyOrSell,0.66,95,31,21,,,0,43,12,43
stockOrch,146588263,infrastructure_95,95,fSell,0.66,95,43,52,,,0,73,30,
stockOrch,146588263,infrastructure_95,95,fBuy,0.66,95,43,52,,,0,73,30,
stockOrch,146588263,infrastructure_95,95,fRecord,0.33,95,56,21,5,5,0,58,2,41
stockOrch,146588263,infrastructure_100,100,fCheck,1.0,100,134,28,5,6,0,134,,
stockOrch,146588263,infrastructure_100,100,fBuyOrSell,0.66,100,34,28,,,0,46,12,38
stockOrch,146588263,infrastructure_100,100,fSell,0.66,100,44,56,,,0,74,30,
stockOrch,146588263,infrastructure_100,100,fBuy,0.66,100,44,56,,,0,74,30,
stockOrch,146588263,infrastructure_100,100,fRecord,0.33,100,60,28,5,6,0,60,,37
stockOrch,146588263,infrastructure_105,105,fCheck,1.0,105,300,25,5,6,0,300,,
stockOrch,146588263,infrastructure_105,105,fBuyOrSell,0.66,105,34,25,,,0,46,12,46
stockOrch,146588263,infrastructure_105,105,fSell,0.66,105,52,53,,,0,82,30,
stockOrch,146588263,infrastructure_105,105,fBuy,0.66,105,52,53,,,0,82,30,
stockOrch,146588263,infrastructure_105,105,fRecord,0.33,105,124,25,5,6,0,124,,44
stockOrch,146588263,infrastructure_110,110,fCheck,1.0,110,308,28,5,6,0,308,,
stockOrch,146588263,infrastructure_110,110,fBuyOrSell,0.66,110,37,28,,,0,49,12,45
stockOrch,146588263,infrastructure_110,110,fSell,0.66,110,49,61,,,0,79,30,
stockOrch,146588263,infrastructure_110,110,fBuy,0.66,110,49,61,,,0,79,30,
stockOrch,146588263,infrastructure_110,110,fRecord,0.33,110,136,28,5,5,0,138,2,43
stockOrch,146588263,infrastructure_115,115,fCheck,1.0,115,172,23,6,6,0,172,,
stockOrch,146588263,infrastructure_115,115,fBuyOrSell,0.66,115,39,23,,,0,51,12,53
stockOrch,146588263,infrastructure_115,115,fSell,0.66,115,59,56,,,0,89,30,
stockOrch,146588263,infrastructure_115,115,fBuy,0.66,115,59,56,,,0,89,30,
stockOrch,146588263,infrastructure_115,115,fRecord,0.33,115,70,23,6,5,0,72,2,51
stockOrch,146588263,infrastructure_120,120,fCheck,1.0,120,258,28,6,6,0,258,,
stockOrch,146588263,infrastructure_120,120,fBuyOrSell,0.66,120,42,28,,,0,54,12,50
stockOrch,146588263,infrastructure_120,120,fSell,0.66,120,64,56,,,0,94,30,
stockOrch,146588263,infrastructure_120,120,fBuy,0.66,120,64,56,,,0,94,30,
stockOrch,146588263,infrastructure_120,120,fRecord,0.33,120,117,28,6,6,0,117,,47
stockOrch,146588263,infrastructure_125,125,fCheck,1.0,125,156,41,6,6,0,156,,
stockOrch,146588263,infrastructure_125,125,fBuyOrSell,0.66,125,40,41,,,0,52,12,44
stockOrch,146588263,infrastructure_125,125,fSell,0.66,125,62,63,,,0,92,30,
stockOrch,146588263,infrastructure_125,125,fBuy,0.66,125,62,63,,,0,92,30,
stockOrch,146588263,infrastructure_125,125,fRecord,0.33,125,74,41,6,5,0,76,2,41
stockOrch,146588263,infrastructure_130,130,fCheck,1.0,130,279,31,6,6,0,279,,
stockOrch,146588263,infrastructure_130,130,fBuyOrSell,0.66,130,44,31,,,0,56,12,55
stockOrch,146588263,infrastructure_130,130,fSell,0.66,130,66,64,,,0,96,30,
stockOrch,146588263,infrastructure_130,130,fBuy,0.66,130,66,64,,,0,96,30,
stockOrch,146588263,infrastructure_130,130,fRecord,0.33,130,123,31,6,6,0,123,,52
stockOrch,146588263,infrastructure_135,135,fCheck,1.0,135,384,32,7,5,0,388,4,
stockOrch,146588263,infrastructure_135,135,fBuyOrSell,0.66,135,40,32,,,0,52,12,63
stockOrch,146588263,infrastructure_135,135,fSell,0.66,135,59,76,,,0,89,30,
stockOrch,146588263,infrastructure_135,135,fBuy,0.66,135,59,76,,,0,89,30,
stockOrch,146588263,infrastructure_135,135,fRecord,0.33,135,144,32,7,4,0,148,4,60
stockOrch,146588263,infrastructure_140,140,fCheck,1.0,140,388,36,7,6,0,388,,
stockOrch,146588263,infrastructure_140,140,fBuyOrSell,0.66,140,47,36,,,0,59,12,57
stockOrch,146588263,infrastructure_140,140,fSell,0.66,140,59,81,,,0,89,30,
stockOrch,146588263,infrastructure_140,140,fBuy,0.66,140,59,81,,,0,89,30,
stockOrch,146588263,infrastructure_140,140,fRecord,0.33,140,172,36,7,5,0,174,2,54
stockOrch,146588263,infrastructure_145,145,fCheck,1.0,145,312,34,7,6,0,312,,
stockOrch,146588263,infrastructure_145,145,fBuyOrSell,0.66,145,50,34,,,0,62,12,61
stockOrch,146588263,infrastructure_145,145,fSell,0.66,145,63,82,,,0,93,30,
stockOrch,146588263,infrastructure_145,145,fBuy,0.66,145,63,82,,,0,93,30,
stockOrch,146588263,infrastructure_145,145,fRecord,0.33,145,138,34,7,6,0,138,,58
stockOrch,146588263,infrastructure_150,150,fCheck,1.0,150,306,41,7,6,0,306,,
stockOrch,146588263,infrastructure_150,150,fBuyOrSell,0.66,150,52,41,,,0,64,12,57
stockOrch,146588263,infrastructure_150,150,fSell,0.66,150,72,78,,,0,102,30,
stockOrch,146588263,infrastructure_150,150,fBuy,0.66,150,72,78,,,0,102,30,
stockOrch,146588263,infrastructure_150,150,fRecord,0.33,150,138,41,7,5,0,140,2,56
stockOrch,146588263,infrastructure_155,155,fCheck,1.0,155,333,36,8,5,0,337,4,
stockOrch,146588263,infrastructure_155,155,fBuyOrSell,0.66,155,51,36,,,0,63,12,68
stockOrch,146588263,infrastructure_155,155,fSell,0.66,155,83,72,,,0,113,30,
stockOrch,146588263,infrastructure_155,155,fBuy,0.66,155,83,72,,,0,113,30,
stockOrch,146588263,infrastructure_155,155,fRecord,0.33,155,147,36,8,5,0,149,2,62
stockOrch,146588263,infrastructure_160,160,fCheck,1.0,160,333,41,8,6,0,333,,
stockOrch,146588263,infrastructure_160,160,fBuyOrSell,0.66,160,58,41,,,0,70,12,61
stockOrch,146588263,infrastructure_160,160,fSell,0.66,160,77,83,,,0,107,30,
stockOrch,146588263,infrastructure_160,160,fBuy,0.66,160,77,83,,,0,107,30,
stockOrch,146588263,infrastructure_160,160,fRecord,0.33,160,150,41,8,6,0,150,,61
stockOrch,146588263,infrastructure_165,165,fCheck,1.0,165,248,33,8,6,0,248,,
stockOrch,146588263,infrastructure_165,165,fBuyOrSell,0.66,165,54,33,,,0,66,12,78
stockOrch,146588263,infrastructure_165,165,fSell,0.66,165,92,73,,,0,122,30,
stockOrch,146588263,infrastructure_165,165,fBuy,0.66,165,92,73,,,0,122,30,
stockOrch,146588263,infrastructure_165,165,fRecord,0.33,165,100,33,8,6,0,100,,74
stockOrch,146588263,infrastructure_170,170,fCheck,1.0,170,336,50,8,6,0,336,,
stockOrch,146588263,infrastructure_170,170,fBuyOrSell,0.66,170,54,50,,,0,66,12,66
stockOrch,146588263,infrastructure_170,170,fSell,0.66,170,87,83,,,0,117,30,
stockOrch,146588263,infrastructure_170,170,fBuy,0.66,170,87,83,,,0,117,30,
stockOrch,146588263,infrastructure_170,170,fRecord,0.33,170,150,50,8,5,0,152,2,62
stockOrch,146588263,infrastructure_175,175,fCheck,1.0,175,354,49,8,6,0,354,,
stockOrch,146588263,infrastructure_175,175,fBuyOrSell,0.66,175,60,49,,,0,72,12,66
stockOrch,146588263,infrastructure_175,175,fSell,0.66,175,79,96,,,0,109,30,
stockOrch,146588263,infrastructure_175,175,fBuy,0.66,175,79,96,,,0,109,30,
stockOrch,146588263,infrastructure_175,175,fRecord,0.33,175,159,49,8,6,0,159,,65
stockOrch,146588263,infrastructure_180,180,fCheck,1.0,180,399,38,9,6,0,399,,
stockOrch,146588263,infrastructure_180,180,fBuyOrSell,0.66,180,60,38,,,0,72,12,82
stockOrch,146588263,infrastructure_180,180,fSell,0.66,180,94,86,,,0,124,30,
stockOrch,146588263,infrastructure_180,180,fBuy,0.66,180,94,86,,,0,124,30,
stockOrch,146588263,infrastructure_180,180,fRecord,0.33,180,165,38,9,6,0,165,,78
stockOrch,146588263,infrastructure_185,185,fCheck,1.0,185,390,46,9,6,0,390,,
stockOrch,146588263,infrastructure_185,185,fBuyOrSell,0.66,185,62,46,,,0,74,12,77
stockOrch,146588263,infrastructure_185,185,fSell,0.66,185,87,98,,,0,117,30,
stockOrch,146588263,infrastructure_185,185,fBuy,0.66,185,87,98,,,0,117,30,
stockOrch,146588263,infrastructure_185,185,fRecord,0.33,185,168,46,9,6,0,168,,74
stockOrch,146588263,infrastructure_190,190,fCheck,1.0,190,500,56,9,6,0,500,,
stockOrch,146588263,infrastructure_190,190,fBuyOrSell,0.66,190,65,56,,,0,77,12,69
stockOrch,146588263,infrastructure_190,190,fSell,0.66,190,83,107,,,0,113,30,
stockOrch,146588263,infrastructure_190,190,fBuy,0.66,190,83,107,,,0,113,30,
stockOrch,146588263,infrastructure_190,190,fRecord,0.33,190,236,56,9,6,0,236,,66
stockOrch,146588263,infrastructure_195,195,fCheck,1.0,195,274,49,9,6,0,274,,
stockOrch,146588263,infrastructure_195,195,fBuyOrSell,0.66,195,63,49,,,0,75,12,83
stockOrch,146588263,infrastructure_195,195,fSell,0.66,195,94,101,,,0,124,30,
stockOrch,146588263,infrastructure_195,195,fBuy,0.66,195,94,101,,,0,124,30,
stockOrch,146588263,infrastructure_195,195,fRecord,0.33,195,116,49,9,6,0,116,,79
stockOrch,146588263,infrastructure_200,200,fCheck,1.0,200,276,52,10,6,0,276,,
stockOrch,146588263,infrastructure_200,200,fBuyOrSell,0.66,200,69,52,,,0,81,12,79
stockOrch,146588263,infrastructure_200,200,fSell,0.66,200,102,98,,,0,132,30,
stockOrch,146588263,infrastructure_200,200,fBuy,0.66,200,102,98,,,0,132,30,
stockOrch,146588263,infrastructure_200,200,fRecord,0.33,200,122,52,10,5,0,124,2,77
stockOrch,146588263,infrastructure_205,205,fCheck,1.0,205,620,40,10,6,0,620,,
stockOrch,146588263,infrastructure_205,205,fBuyOrSell,0.66,205,71,40,,,0,83,12,94
stockOrch,146588263,infrastructure_205,205,fSell,0.66,205,116,89,,,0,146,30,
stockOrch,146588263,infrastructure_205,205,fBuy,0.66,205,116,89,,,0,146,30,
stockOrch,146588263,infrastructure_205,205,fRecord,0.33,205,260,40,10,5,0,264,4,90
stockOrch,146588263,infrastructure_210,210,fCheck,1.0,210,286,57,10,6,0,286,,
stockOrch,146588263,infrastructure_210,210,fBuyOrSell,0.66,210,69,57,,,0,81,12,84
stockOrch,146588263,infrastructure_210,210,fSell,0.66,210,101,109,,,0,131,30,
stockOrch,146588263,infrastructure_210,210,fBuy,0.66,210,101,109,,,0,131,30,
stockOrch,146588263,infrastructure_210,210,fRecord,0.33,210,128,57,10,5,0,130,2,79
stockOrch,146588263,infrastructure_215,215,fCheck,1.0,215,596,56,10,6,0,596,,
stockOrch,146588263,infrastructure_215,215,fBuyOrSell,0.66,215,75,56,,,0,87,12,84
stockOrch,146588263,infrastructure_215,215,fSell,0.66,215,97,118,,,0,127,30,
stockOrch,146588263,infrastructure_215,215,fBuy,0.66,215,97,118,,,0,127,30,
stockOrch,146588263,infrastructure_215,215,fRecord,0.33,215,260,56,10,5,0,262,2,84
stockOrch,146588263,infrastructure_220,220,fCheck,1.0,220,296,62,10,6,0,296,,
stockOrch,146588263,infrastructure_220,220,fBuyOrSell,0.66,220,72,62,,,0,84,12,86
stockOrch,146588263,infrastructure_220,220,fSell,0.66,220,104,116,,,0,134,30,
stockOrch,146588263,infrastructure_220,220,fBuy,0.66,220,104,116,,,0,134,30,
stockOrch,146588263,infrastructure_220,220,fRecord,0.33,220,130,62,10,5,0,132,2,83
